episode,reward,makespan,load_balance,stability,td_error,meta_critic_loss,meta_actor_loss,fpga_critic_loss,fpga_actor_loss,fog_gpu_critic_loss,fog_gpu_actor_loss,cloud_critic_loss,cloud_actor_loss
1,1424.8200949352085,1.9375263512240664,1.9459360106436514,1.0,0.4255083203315735,1.0372838973999023,0.9048920273780823,0,0,0,0,0,0
2,1144.0924724223958,1.3678386039354655,1.9510650570032375,1.0,0.3716607640186945,0.8959645628929138,0.9625203609466553,0,0,0,0,0,0
3,1057.4695460000219,1.603236655701241,1.933771915649114,1.0,0.39660224318504333,0.9804766774177551,0.5541974306106567,0,0,0,0,0,0
4,938.6716882236101,1.450986080092059,1.9377359780836232,1.0,0.3953929543495178,0.9407376050949097,0.6974057555198669,0,0,0,0,0,0
5,1276.1011028271241,1.780389389557265,1.9482060149594782,1.0,0.41291964550813043,0.9941521286964417,1.0151786804199219,0,0,0,0,0,0
6,1252.7996651364733,1.8372453082210243,1.9365159680051285,1.0,0.3919389570752779,0.9765641689300537,0.991724967956543,0,0,0,0,0,0
7,1257.6189972115176,1.4659524723059314,1.9406035719210037,1.0,0.3979169577360153,0.9812745451927185,0.7281595468521118,0,0,0,0,0,0
8,1044.947521503819,1.6324041886234248,1.9202486058946269,1.0,0.41108890871206916,1.0125977993011475,0.697171688079834,0,0,0,0,0,0
9,1180.9921996465475,1.9975659338287022,1.9088652498619814,0.9861533562665394,0.3821540201703707,0.912070631980896,0.7350150942802429,0,0,0,0,0,0
10,1142.7204353319084,1.5941987356484066,1.930765676738475,0.9915035387305662,0.39354708294073737,0.9825513362884521,0.6468874216079712,0,0,0,0,0,0
11,1080.7687162314246,1.70715225521684,1.926759223680787,0.9961740844012128,0.42106266071399057,1.059227466583252,0.9145785570144653,0,0,0,0,0,0
12,1302.547974359453,1.5859310137489973,1.932652386406977,0.9945388647377206,0.41490282118320465,1.015590786933899,0.9117688536643982,0,0,0,0,0,0
13,1087.1526355150434,1.5500081024743424,1.9267141549471982,0.9919148364950175,0.3888360857963562,0.9566206336021423,0.8390222787857056,0,0,0,0,0,0
14,1203.9397885763287,1.8439520388077395,1.937416827011368,0.9899952905463885,0.3903699219226837,0.9251735806465149,0.9980074167251587,0,0,0,0,0,0
15,1110.8023690859545,1.6430740544116085,1.9244564423119193,0.9899643014794225,0.3705452879269918,0.8931905627250671,0.8120673894882202,0,0,0,0,0,0
16,1348.4636351135007,2.387069568771631,1.9379884667673024,0.9779747432488133,0.41381317377090454,0.9801528453826904,0.7532055377960205,0,0,0,0,0,0
17,1139.0999387351687,1.9051695812447043,1.9283879048843349,0.973115432925868,0.39672649900118506,0.9619317054748535,0.8046882152557373,0,0,0,0,0,0
18,1235.322617665539,2.0250449302033795,1.9165701383926566,0.9630303790472886,0.3946724832057953,0.9496442079544067,0.9695364236831665,0,0,0,0,0,0
19,1076.8532180272505,1.8620467005548305,1.928032613456529,0.9587423483807717,0.39731721580028534,0.960532546043396,1.0353994369506836,0,0,0,0,0,0
20,1143.6955869888618,1.5198093008018372,1.9365902069128318,0.9629184086908442,0.401262159148852,0.9623385071754456,0.7470664978027344,0,0,0,0,0,0
21,1213.4144625884894,1.7392472278322462,1.9363359540516247,0.9672140614988515,0.4025672276814779,0.9607536196708679,0.7191198468208313,0,0,0,0,0,0
22,1195.20169071818,1.5901266741775237,1.928332585908642,0.9601062899372509,0.3916243314743042,0.9932790994644165,0.7728292346000671,0,0,0,0,0,0
23,1201.451528663271,1.6046926171526548,1.9254253956993619,0.9519195174014526,0.3971451073884964,0.9715278744697571,0.6413908004760742,0,0,0,0,0,0
24,1316.0287892233398,1.798898470661003,1.9234725139718445,0.9562760486165022,0.3715124030907949,0.8728759288787842,0.9004507064819336,0,0,0,0,0,0
25,1218.129203573094,1.457563769342899,1.9223219905182949,0.9720769930417306,0.36898860832055413,0.8870117664337158,0.8647773861885071,0,0,0,0,0,0
26,1132.5407325151916,1.3817701730852057,1.9309822529909295,0.9832092841147224,0.39542548855145776,0.9143436551094055,0.8261075615882874,0,0,0,0,0,0
27,1321.18742136655,1.5522469832296648,1.9323177620802263,0.9819765825873891,0.4008542398611704,0.9676203727722168,0.804140567779541,0,0,0,0,0,0
28,1098.7465502602988,1.4954117478577493,1.9320889977187536,0.9770663473642524,0.4040976812442144,0.9987892508506775,0.7451900243759155,0,0,0,0,0,0
29,1282.4954082673569,1.707409188217781,1.92498849588995,0.9750871180771942,0.37774385015169776,0.9288688898086548,0.7851120233535767,0,0,0,0,0,0
30,1062.2382781703768,1.6183644969251842,1.914052151831931,0.9772031538113537,0.40392925341924035,0.9520410299301147,1.0714185237884521,0,0,0,0,0,0
31,1219.2850832166769,1.5230525516891897,1.9166936795726957,0.9789676866675217,0.4110862811406454,1.0176353454589844,0.7135480046272278,0,0,0,0,0,0
32,1366.8930319891656,1.9661494974549527,1.9238409845333173,0.9693024286708758,0.3963486850261688,0.9328935146331787,0.8844360709190369,0,0,0,0,0,0
33,1303.853551379865,2.016881981357801,1.9367805294234515,0.9601137774645113,0.4141506304343542,1.0763111114501953,0.9046655893325806,0,0,0,0,0,0
34,1101.2480518018394,1.546998255938485,1.9291911328804376,0.9613383156531283,0.40785161654154456,1.0065940618515015,0.8948660492897034,0,0,0,0,0,0
35,1345.634258516437,1.757069417297192,1.930198242727204,0.9623349071304975,0.3926798949639002,0.9770851135253906,0.7682355642318726,0,0,0,0,0,0
36,1045.2098679153837,1.693740362571568,1.9157463418351175,0.9634891771432886,0.4112407763799032,1.0278892517089844,0.8840108513832092,0,0,0,0,0,0
37,1118.243808079646,1.8504983420208199,1.9187070419199161,0.9653763002837262,0.3679692347844442,0.891975462436676,0.6998798847198486,0,0,0,0,0,0
38,1065.1484418729005,1.9418380581654613,1.9246024767774175,0.9649189192884942,0.43718802432219184,1.1256804466247559,0.8665513396263123,0,0,0,0,0,0
39,1095.9682566092415,1.6882051039497037,1.9097952318613352,0.9624400610112819,0.40597025801738107,1.0549622774124146,0.8315961360931396,0,0,0,0,0,0
40,1048.1990585079488,1.760128168977117,1.9027396017916893,0.9600485332932692,0.3824290335178375,0.9115599393844604,0.7330604195594788,0,0,0,0,0,0
41,1114.6040843001713,1.965986327473244,1.9187181602065189,0.9622950164714792,0.40084004402160645,0.9957156777381897,0.7634851932525635,0,0,0,0,0,0
42,1164.774564131525,1.7813037180992866,1.9179589701873767,0.9658164900220619,0.37589868903160095,0.908679723739624,0.8154768943786621,0,0,0,0,0,0
43,1237.70911895652,1.738869431901608,1.930404263480812,0.9690667673695869,0.38033551474412286,0.9385031461715698,0.7834374904632568,0,0,0,0,0,0
44,1108.5636858702724,1.8173403961648462,1.9138824391595395,0.9691398604870388,0.41388573249181115,1.0751276016235352,0.9541404843330383,0,0,0,0,0,0
45,1110.5108607132236,1.8481580412385212,1.9173946835490792,0.9689595116475511,0.4069415579239527,0.990196943283081,0.8937727212905884,0,0,0,0,0,0
46,1264.7289889360459,1.6419537935337143,1.9225564008722795,0.9685111080280727,0.4242069125175476,1.0415632724761963,0.7653182744979858,0,0,0,0,0,0
47,1115.7486400232901,1.7500228632281751,1.9154603965207118,0.9681693600074673,0.38773276160160697,0.9586218595504761,0.9476749897003174,0,0,0,0,0,0
48,1132.1226846909972,1.5844142533949246,1.9274607595716808,0.9662171338728773,0.41902072727680206,1.0576882362365723,0.6342858672142029,0,0,0,0,0,0
49,1261.5319758745802,1.7813813240320537,1.9140256366849333,0.9644976744797089,0.40691904723644257,1.0383827686309814,0.7867903709411621,0,0,0,0,0,0
50,1098.5938445510455,1.574578973195252,1.926320240864932,0.9630719462422666,0.3781149312853813,0.9101386666297913,0.6686758995056152,0,0,0,0,0,0
51,985.3947105347795,1.522888866304557,1.9192037121630225,0.9635911976298601,0.3855684449275335,0.9252171516418457,0.9451988935470581,0,0,0,0,0,0
52,1128.0852568563223,1.70580476859279,1.92251488348595,0.964805068109603,0.4184166813890139,1.073011875152588,0.9282171726226807,0,0,0,0,0,0
53,1286.6310181951294,1.568714082475892,1.9196237351947778,0.9655331762113339,0.4063144872585932,0.9663572311401367,0.7292311787605286,0,0,0,0,0,0
54,1122.7564984720698,1.4100211218790952,1.9230023667100822,0.9665633889074527,0.3984266320864359,0.9694297313690186,0.7590932846069336,0,0,0,0,0,0
55,1223.0375442239524,1.6605999543966181,1.9251763424988044,0.9669269122305039,0.39262904723485315,0.9244736433029175,0.6044041514396667,0,0,0,0,0,0
56,1273.0685572598368,1.4407292884085834,1.930307680178529,0.9671291817767445,0.4138488372166952,1.0541235208511353,0.8546961545944214,0,0,0,0,0,0
57,1288.4443321438469,1.7720283167246107,1.9244027225727085,0.9662310433378799,0.3781569401423136,0.9089624881744385,0.7968401908874512,0,0,0,0,0,0
58,1372.905978676796,1.83249292311548,1.9355128201330647,0.9632836854898895,0.417163610458374,0.9736959338188171,0.5807077288627625,0,0,0,0,0,0
59,1053.5793163156445,1.3598600783944281,1.9246909055367625,0.9602614632058155,0.42744061847527826,1.0606478452682495,0.9327927231788635,0,0,0,0,0,0
60,1530.9272898714498,1.7236219933079897,1.9305568118022551,0.958342552968098,0.3557684520880381,0.82502281665802,0.9041420221328735,0,0,0,0,0,0
61,1264.440811426315,1.5956133473665517,1.92313058220964,0.960471572286965,0.4094988306363424,1.0275578498840332,0.7562344074249268,0,0,0,0,0,0
62,1108.7718334563604,2.1057294893855083,1.9232113831414699,0.9514016764985526,0.3788003548979759,0.9107199907302856,0.881393551826477,0,0,0,0,0,0
63,1371.585176170025,1.6196042493532155,1.9262769270921538,0.9511929592264357,0.42618187268575036,1.054034948348999,0.8190251588821411,0,0,0,0,0,0
64,1275.2595620110137,1.3598687064347703,1.9264177224612107,0.9488506385219211,0.3993844538927078,1.012730598449707,1.0117864608764648,0,0,0,0,0,0
65,1279.7631115693805,1.82013882767836,1.916457093147756,0.9478398597644975,0.4119527439276377,1.0287151336669922,0.9802513718605042,0,0,0,0,0,0
66,1214.7357087965283,1.6317631543412887,1.9191683990057853,0.9483913794025784,0.4165408263603846,1.0198040008544922,1.1255995035171509,0,0,0,0,0,0
67,1247.0756863101872,1.6136126748433448,1.9217455413558084,0.9504272257403099,0.38292753199736274,0.9444120526313782,0.9270057678222656,0,0,0,0,0,0
68,1074.7039622097682,1.6114621513206555,1.9230278046393563,0.9538728729007342,0.38679109513759613,0.9358841180801392,0.7878309488296509,0,0,0,0,0,0
69,1197.7806174122954,1.7116496082593615,1.9210451310527106,0.95609426043675,0.3920090744892756,0.9334971904754639,0.8447369337081909,0,0,0,0,0,0
70,1287.3857983357932,1.6918941897759439,1.9234487191190397,0.9570420007345426,0.3976929187774658,0.9521715044975281,0.8081107139587402,0,0,0,0,0,0
71,1260.5342455955065,1.5930901754733624,1.924002914827034,0.957474636191214,0.3888605087995529,0.924541711807251,0.8749186992645264,0,0,0,0,0,0
72,1211.7806791295504,1.5196793658478003,1.9224739821139736,0.9578109707720257,0.3986513589819273,0.9819437265396118,0.9978275299072266,0,0,0,0,0,0
73,1303.7924796623715,1.794059805720858,1.9307232035866435,0.9581672603953245,0.4105022301276525,1.0123693943023682,0.6900177001953125,0,0,0,0,0,0
74,1275.578479745332,1.6297127273767558,1.9314852667102456,0.9581172554892481,0.40648592015107476,0.9902200698852539,0.7909131050109863,0,0,0,0,0,0
75,1121.7900963452626,1.9690825534980112,1.9245408836595992,0.9463613090696141,0.38092889388402307,0.9703710079193115,0.8580646514892578,0,0,0,0,0,0
76,1356.4432784693831,1.7398192762685434,1.9343480208897486,0.9436338299693606,0.42366011440753937,1.02017343044281,0.8589669466018677,0,0,0,0,0,0
77,1209.2943853023712,1.529406377432716,1.927173549559227,0.9421682527093054,0.4106516490379969,0.934140682220459,0.7929901480674744,0,0,0,0,0,0
78,1163.0250059730763,1.2474330002946439,1.9361546809623378,0.9308395545054864,0.37295473615328467,0.9136292934417725,0.985041618347168,0,0,0,0,0,0
79,1100.965055806053,1.5704336320181862,1.9250957427003361,0.9262479209974523,0.38582004606723785,0.9426981210708618,0.8539868593215942,0,0,0,0,0,0
80,1183.7879236808164,1.4818265783798796,1.9251317570183204,0.9201642066041489,0.39377081890900933,0.9652078747749329,0.7807325124740601,0,0,0,0,0,0
81,1266.2523147000798,1.479712117472352,1.933423159256376,0.9189217234512455,0.4001384600996971,0.9647958874702454,1.0221178531646729,0,0,0,0,0,0
82,1263.6761145988357,1.76120214735072,1.9195932585206048,0.9257357991564276,0.43763507902622223,1.2064268589019775,0.8946934938430786,0,0,0,0,0,0
83,1097.1529849021292,1.5490496055298992,1.9275175039852264,0.9326510472878266,0.3913906663656235,0.8908237218856812,0.8566423058509827,0,0,0,0,0,0
84,1310.6823565277778,1.5940735177406185,1.9217048933031897,0.9354393205375151,0.38919536521037423,0.9526839852333069,0.7576044797897339,0,0,0,0,0,0
85,1149.8664050342556,1.5357816368562909,1.914846038679576,0.9348022224913091,0.37728220224380493,0.8970659971237183,0.902206301689148,0,0,0,0,0,0
86,1214.442378105793,1.6163400993236572,1.9212036780517352,0.9354662447679375,0.3957942624886831,0.9776043891906738,0.9322906732559204,0,0,0,0,0,0
87,1223.8421774462925,1.7588311306368405,1.9232890677657681,0.9369608423197823,0.3871648361285528,0.9611871242523193,0.7262398600578308,0,0,0,0,0,0
88,1281.0180416896887,1.5545318976602136,1.909805546995022,0.9374586855389275,0.4031467537085215,1.0032775402069092,0.9412156939506531,0,0,0,0,0,0
89,1320.018418935892,1.5221463509689115,1.9278797330832236,0.9371186098722157,0.4043362190326055,0.9492570161819458,0.6331284642219543,0,0,0,0,0,0
90,1347.3501594622392,1.7500847726144508,1.9307784684269214,0.9375148324084185,0.3866578241189321,0.9323885440826416,0.7815170884132385,0,0,0,0,0,0
91,1139.0979718287429,1.5376150285949663,1.9378465609630426,0.9383498085576797,0.39728910724322,0.9701571464538574,0.48692619800567627,0,0,0,0,0,0
92,1425.3982836303628,1.7152546021251038,1.9195342980303525,0.9387367981388208,0.3869830518960953,0.9716870188713074,0.767509937286377,0,0,0,0,0,0
93,1321.9757832046514,1.5787083084534794,1.9272295642642998,0.9386563534804249,0.3853387633959452,0.8832934498786926,1.0759950876235962,0,0,0,0,0,0
94,1195.5358422036675,1.725286587970917,1.921605490342889,0.938004174401846,0.42130533854166663,1.014739990234375,1.1000888347625732,0,0,0,0,0,0
95,1414.9316157762887,1.7637922965737904,1.9291163923913883,0.9374272693915343,0.400171106060346,1.0022269487380981,0.6660435199737549,0,0,0,0,0,0
96,1384.8130854183962,1.8420698686006465,1.9304013429732678,0.9352557089738199,0.3961396962404251,0.9628114700317383,0.7481917142868042,0,0,0,0,0,0
97,1359.6885067670132,1.7843535096682164,1.9177763116901165,0.9317459183011211,0.3914378186066946,0.9666296243667603,0.5826183557510376,0,0,0,0,0,0
98,1120.1813383822514,1.328212746169347,1.9282759930915683,0.920615558624777,0.39892710745334625,0.9969332814216614,0.6650079488754272,0,0,0,0,0,0
99,1199.6044400976104,1.874225841368511,1.9288769830443604,0.9213843804197827,0.43668611347675323,1.0980026721954346,0.7108169198036194,0,0,0,0,0,0
100,1483.4559821150756,1.7152444817304433,1.9264641509953395,0.9237155764063096,0.4167082111040751,1.0631279945373535,0.8945801854133606,0,0,0,0,0,0
101,1394.3774801928507,1.6329774070842888,1.9218826784366643,0.9244741270566618,0.3638050456841787,0.8658566474914551,0.6438640356063843,0,0,0,0,0,0
102,1247.9387403163541,1.5808953457408088,1.9286535377618672,0.9254321034733993,0.40061321357885993,0.992559552192688,0.7784774303436279,0,0,0,0,0,0
103,1130.939638477516,1.3969376515896057,1.9292140655425825,0.9229642640880495,0.3808859338363012,0.8946117758750916,0.7848249077796936,0,0,0,0,0,0
104,1322.9214306734584,1.596831339774867,1.9132152004523804,0.9182169845371423,0.39877431094646454,0.9932878017425537,0.5411384105682373,0,0,0,0,0,0
105,1349.7778210042275,1.4364155171844128,1.927148067221954,0.9109776311359028,0.40819580356280005,0.9665135145187378,0.6707754135131836,0,0,0,0,0,0
106,1438.1790138335589,1.9315507487351145,1.9274325615040753,0.9109889938249659,0.41862627367178595,1.0035851001739502,0.731271505355835,0,0,0,0,0,0
107,1220.0183649115347,1.8435739268523137,1.9214088149790203,0.9090338405025933,0.40112460156281793,0.9547690749168396,0.9732862710952759,0,0,0,0,0,0
108,1099.0700130369032,1.4668476305202303,1.922553017393355,0.9063571438776327,0.38657134771347046,0.9401894807815552,0.6943672895431519,0,0,0,0,0,0
109,1294.2086315305187,1.519499952876545,1.929553589327107,0.9020900327113589,0.3949378430843353,0.8949276208877563,0.9573783874511719,0,0,0,0,0,0
110,1213.2760829038118,1.5637664175768267,1.9253253049369736,0.9037160701270929,0.3926257838805517,0.9442211389541626,0.9096085429191589,0,0,0,0,0,0
111,1299.7051391226746,1.4206032879198087,1.9338784816747743,0.9047050758634403,0.40544314682483673,0.9750374555587769,0.8325680494308472,0,0,0,0,0,0
112,1324.2513999220928,1.5102742640073532,1.9332251223968653,0.9052267797104254,0.40120885272820794,0.9758308529853821,0.6094404458999634,0,0,0,0,0,0
113,1426.4633377784353,1.6110371441672084,1.933410107397952,0.9101470459803208,0.4027226368586222,1.012346863746643,0.8621000051498413,0,0,0,0,0,0
114,1213.3672861022553,1.7047611985234943,1.9266700645404633,0.918477468879772,0.4008219440778097,0.9492640495300293,0.7267875671386719,0,0,0,0,0,0
115,1160.0445402329663,1.5316521387635373,1.9314002179933052,0.9242363762362025,0.3852903495232264,0.9085740447044373,0.8602871894836426,0,0,0,0,0,0
116,1214.6383262664915,1.471670713323662,1.9187771187975289,0.9237116580821091,0.4020452946424484,1.0238735675811768,0.7927306890487671,0,0,0,0,0,0
117,1332.780048802935,1.6275666638646973,1.928640239008454,0.923896110819651,0.3728728344043096,0.8894997835159302,0.7027527093887329,0,0,0,0,0,0
118,1269.650211253194,1.438192443691805,1.9246873631874895,0.9250906776886023,0.4029564758141836,0.967226505279541,0.8377600312232971,0,0,0,0,0,0
119,1460.2862606286244,1.551569269868029,1.9181054276755913,0.9260880642435911,0.40652160346508026,0.966590166091919,0.9082086086273193,0,0,0,0,0,0
120,1443.5183482726297,1.7696847100877044,1.916937058582046,0.9268555839956005,0.4099714631835619,1.0145277976989746,0.7726552486419678,0,0,0,0,0,0
121,1212.8013487216633,1.4964189765135965,1.9320155303530757,0.927199622367841,0.3849349021911621,0.9504079222679138,0.6216805577278137,0,0,0,0,0,0
122,1433.8138152154604,1.7921386481543178,1.919897405552542,0.924999714361937,0.41227566699186957,1.0081654787063599,0.7145107388496399,0,0,0,0,0,0
123,1297.6810412427699,1.458550227206211,1.9347494050568683,0.9234615884554852,0.3871609568595886,0.9398850202560425,0.7294517755508423,0,0,0,0,0,0
124,1358.3073727974029,1.5264178416846788,1.9282386783694023,0.9231515400850628,0.4077169125278791,1.0407582521438599,0.8688525557518005,0,0,0,0,0,0
125,1440.755800862565,1.570062385757624,1.922522352606006,0.9238080555380627,0.36746149261792505,0.8368041515350342,0.7190253734588623,0,0,0,0,0,0
126,1292.0191382257453,1.503006227950548,1.935797458790283,0.9227574640801308,0.39895515640576684,0.9906123280525208,1.1028093099594116,0,0,0,0,0,0
127,1411.8358610735615,1.5531658682610614,1.9241448028003822,0.9233633057032201,0.3723175823688507,0.8816114068031311,0.9346139430999756,0,0,0,0,0,0
128,1088.4866490869329,1.5878729166849992,1.922435956667615,0.9254473752896002,0.41069831450780236,1.0449209213256836,0.7692697048187256,0,0,0,0,0,0
129,1275.2751488107056,1.415557598151229,1.9250533706035613,0.928525762172731,0.43473093708356225,1.0823568105697632,0.672564685344696,0,0,0,0,0,0
130,1416.0129691007746,1.7676687256283123,1.9218544327145413,0.9287550761060418,0.4227386713027954,1.053450584411621,0.49032893776893616,0,0,0,0,0,0
131,1245.331038067271,1.4314973720305089,1.9265136927016417,0.928815036086079,0.3955018619696299,0.9477579593658447,0.510466456413269,0,0,0,0,0,0
132,1178.254916505081,1.2110440919846028,1.9274373343536497,0.9275208751180247,0.3994401544332504,0.9725691080093384,0.7378370761871338,0,0,0,0,0,0
133,1388.7685521064636,1.503334651992409,1.9242963868301246,0.9234819787431335,0.4035392006238302,0.9980295300483704,0.7800738215446472,0,0,0,0,0,0
134,1503.2518212824332,1.832681533391853,1.920346601434204,0.9194776794162671,0.3923265337944031,0.9361889362335205,0.7993110418319702,0,0,0,0,0,0
135,1345.8346925175765,1.5828459217896675,1.9131911474625336,0.9144305796955894,0.3968403389056524,0.9824063181877136,0.7965452075004578,0,0,0,0,0,0
136,1238.940049897068,1.2013408441275342,1.9210718385916294,0.912484595637579,0.41554137567679084,1.0054720640182495,0.4845180809497833,0,0,0,0,0,0
137,1236.9331777532045,1.3749101598826996,1.915606713476515,0.9083629377093023,0.37971254189809167,0.9470763206481934,0.8173572421073914,0,0,0,0,0,0
138,1385.467511408729,1.503075222080108,1.9340652679149386,0.9052670727769525,0.4136834839979807,1.0188562870025635,0.9703549146652222,0,0,0,0,0,0
139,1391.1524961225712,1.5872978140148302,1.9167229506205166,0.9023590198353061,0.38121979435284936,0.8948066234588623,0.5695886015892029,0,0,0,0,0,0
140,1480.0490015096627,1.4519763583053504,1.9184186815004505,0.9063015541353139,0.4050946533679962,0.9463609457015991,0.49543148279190063,0,0,0,0,0,0
141,1230.9374028735872,1.6006146183403007,1.927529026652402,0.9109923903569378,0.38581493993600213,0.9110425114631653,0.9206688404083252,0,0,0,0,0,0
142,1292.550574718095,1.4118304486880495,1.9325974792246714,0.916743118165597,0.3881144871314367,0.9660111665725708,0.8594893217086792,0,0,0,0,0,0
143,1379.711847111395,1.5493237498591126,1.9301650442898874,0.9209200012952787,0.4072711616754532,0.9979308843612671,0.8371418714523315,0,0,0,0,0,0
144,1266.0117021680335,1.6069368688468773,1.9277808341524827,0.9254930968582442,0.408712829152743,1.030883550643921,0.7867027521133423,0,0,0,0,0,0
145,1472.717216352122,1.708598776363524,1.9251445843358803,0.9273612937723209,0.38962891697883606,0.9416669011116028,0.9357712864875793,0,0,0,0,0,0
146,1277.414327055531,1.3114397424691706,1.9264579020605301,0.9259528600246438,0.4018268485864004,1.0278369188308716,0.9921111464500427,0,0,0,0,0,0
147,1269.4242393425386,1.4133649588083037,1.9417841247437977,0.9242204767602524,0.37954340130090714,0.9189783334732056,0.7274619340896606,0,0,0,0,0,0
148,1284.0667497396744,1.3521904128833944,1.9371238336371874,0.9192342918399949,0.39385262628396356,0.9642893075942993,0.9207724928855896,0,0,0,0,0,0
149,1489.6799066543172,1.488525094070105,1.9370261383805363,0.9133968994645023,0.3854744384686152,0.9219686985015869,1.0485155582427979,0,0,0,0,0,0
150,1269.6711687193945,1.6038696067220393,1.928827671601393,0.9119168242531968,0.38301924864451087,0.9292409420013428,0.8433674573898315,0,0,0,0,0,0
151,1254.9557911934728,1.6640749427965542,1.9271358346612986,0.9135232079381712,0.3901975601911545,0.9230966567993164,0.6088173389434814,0,0,0,0,0,0
152,1295.4606028706983,1.352406622869205,1.9286282897235891,0.9151738090644267,0.4169895201921463,1.0348553657531738,0.79386305809021,0,0,0,0,0,0
153,1413.0444686964559,1.5154135509143114,1.926483947313748,0.9158216884591953,0.366290365656217,0.9075988531112671,0.8411328792572021,0,0,0,0,0,0
154,1187.1545115928207,1.2133737249664105,1.9396969535440116,0.9157549908997902,0.4005351662635803,0.966429591178894,0.5970529317855835,0,0,0,0,0,0
155,1348.3574730767532,1.571527548583632,1.9328172618991675,0.9159722118403207,0.3878368685642878,0.9943538308143616,0.8994313478469849,0,0,0,0,0,0
156,1267.663324119003,1.3400213916993053,1.9325841623868238,0.914223902436466,0.4395528510212898,1.13383150100708,0.7221394777297974,0,0,0,0,0,0
157,1285.1341069884445,1.548686674098755,1.9275132400596466,0.9162436921516122,0.39048307140668237,0.9784046411514282,0.7433834075927734,0,0,0,0,0,0
158,1406.2628291801002,1.6394256198293533,1.9318501329344102,0.9188893060678964,0.3707683806618055,0.9161279201507568,0.9378728866577148,0,0,0,0,0,0
159,1188.7861257842196,1.2644662426014543,1.9308891770215664,0.9214194057405616,0.37624697387218475,0.8842195272445679,0.44035372138023376,0,0,0,0,0,0
160,1409.897777060193,1.5057430642691358,1.9294692571350573,0.922628623174468,0.3959836711486181,1.0135343074798584,0.7875103950500488,0,0,0,0,0,0
161,1290.5037581079455,1.4688189577989719,1.9380021701383465,0.9248517469921016,0.39602590103944146,0.9928856492042542,0.9753842949867249,0,0,0,0,0,0
162,1171.2370973629124,1.4545869956235007,1.932614768052109,0.9260690766380066,0.3992669234673182,0.9997693300247192,1.0279388427734375,0,0,0,0,0,0
163,1380.8871450860454,1.4838903790975575,1.9251875828016793,0.9274966360511205,0.3863110691308975,0.929725170135498,0.8955557346343994,0,0,0,0,0,0
164,1302.8305478148586,1.6485011952764572,1.9396656451274996,0.9272167634961581,0.44599297642707825,1.1500740051269531,0.8916423320770264,0,0,0,0,0,0
165,1217.4656295868463,1.351211229187713,1.9331692473237252,0.9268235970126283,0.40891922513643897,1.0301586389541626,0.7630071043968201,0,0,0,0,0,0
166,1389.5272701364172,1.6458871747033503,1.9259802083525546,0.9265527825932341,0.4157742361227671,1.104283094406128,0.7246569395065308,0,0,0,0,0,0
167,1242.9778063302676,1.4834779756251477,1.914417109776879,0.9270657070727495,0.397400309642156,0.9718422293663025,0.9498223066329956,0,0,0,0,0,0
168,1341.2607433218247,1.5526934815288715,1.9142148568009747,0.9276954354868523,0.3789552946885427,0.926315188407898,0.7569952607154846,0,0,0,0,0,0
169,1122.1803841172823,1.1253052307176885,1.9232106077558089,0.9166634453251994,0.4166453629732132,1.0088114738464355,0.8253348469734192,0,0,0,0,0,0
170,1345.1761103736899,1.2877744801385187,1.9215760013303371,0.9126082301817404,0.36652886370817817,0.8885323405265808,0.6967585682868958,0,0,0,0,0,0
171,1320.086672094274,1.442743214919786,1.907567176599719,0.907056581970983,0.39797358214855194,0.9828003644943237,0.8155910968780518,0,0,0,0,0,0
172,1362.8147707024364,1.6530748588017805,1.9177829946819953,0.9032554545848246,0.39556875824928284,0.9853167533874512,0.710485577583313,0,0,0,0,0,0
173,1143.9402408318945,1.1068890643594658,1.9262229832895774,0.9060368240078889,0.3566478341817856,0.7476881742477417,0.37971222400665283,0,0,0,0,0,0
174,1374.7056793749796,1.6904695156353822,1.9120496585216191,0.9093402808785633,0.4158365627129873,1.0591270923614502,0.9334520697593689,0,0,0,0,0,0
175,1375.4326887287039,1.6657341737540179,1.9137207774936251,0.9118631946687348,0.4027780741453171,1.0409168004989624,0.8542092442512512,0,0,0,0,0,0
176,1239.8386487854034,1.6560857119720889,1.914835960436173,0.9064260212356644,0.4176426579554876,1.0471110343933105,0.8641868829727173,0,0,0,0,0,0
177,1334.22409926212,1.3634450578651245,1.9287022565930882,0.9020070321482954,0.38755424320697784,0.928292453289032,0.9382616281509399,0,0,0,0,0,0
178,1428.9569491607556,1.5240365947337418,1.92908875942339,0.9008968881835918,0.43395544340213144,1.111403226852417,0.8414043188095093,0,0,0,0,0,0
179,1417.1972576640014,1.428974428717877,1.9355298708277129,0.9026385797606834,0.3802377382914225,0.9154656529426575,0.602972686290741,0,0,0,0,0,0
180,1409.639258920602,1.7041336270264908,1.9262245036247805,0.9048954988318422,0.37395773331324256,0.8618243932723999,0.7406315803527832,0,0,0,0,0,0
181,1283.4264639326711,1.4240734932660426,1.9327651317693946,0.9075212753501755,0.4056458423535029,1.015733242034912,0.6557260155677795,0,0,0,0,0,0
182,1389.5846922325313,1.5930276083648964,1.9306862416351223,0.9112059700515027,0.41020913422107697,1.00937819480896,0.9559075236320496,0,0,0,0,0,0
183,1538.8846638570894,1.752223258378041,1.9240760109699129,0.9137421084871601,0.41233760118484497,1.074744462966919,0.791307806968689,0,0,0,0,0,0
184,1489.684527045198,1.6612453860369896,1.9349656079402977,0.9131757559526957,0.3911699404319128,0.9784450531005859,0.6049167513847351,0,0,0,0,0,0
185,1401.105852213852,1.5686812784157147,1.9325097034383614,0.9122373096151595,0.3864199022452036,0.9280238747596741,0.7292157411575317,0,0,0,0,0,0
186,1374.8833633660875,1.632669008814585,1.923299184175882,0.913550916121019,0.3902643720308939,0.9711921215057373,0.8020204305648804,0,0,0,0,0,0
187,1431.5207562462863,1.3521743445142846,1.9365539380955656,0.9130900539608309,0.38718029359976447,0.9414618015289307,0.9852389097213745,0,0,0,0,0,0
188,1205.8462942112037,1.3811421217082875,1.932487229545854,0.909545696084113,0.3836465527613958,0.9224528074264526,0.8042256236076355,0,0,0,0,0,0
189,1386.4695360102774,1.4623853554524144,1.9268749149597597,0.9021815822314085,0.45098845660686493,1.1042695045471191,0.6651030778884888,0,0,0,0,0,0
190,1250.4371850516904,1.2213231611209272,1.9275395377931948,0.897156017462349,0.37958939373493195,0.8947873115539551,0.8670474290847778,0,0,0,0,0,0
191,1391.4743542747087,1.5298450441159444,1.9403193543929127,0.9006365888567784,0.3975313752889633,0.9815717935562134,0.6726487874984741,0,0,0,0,0,0
192,1374.3274550801582,1.2948599238426166,1.9299474636008989,0.9079034101416547,0.41399434208869934,1.0084775686264038,0.5794612169265747,0,0,0,0,0,0
193,1378.2290371136662,1.5539103472243272,1.926633292081919,0.9143276760296759,0.40730262299378717,1.0084228515625,0.8301025629043579,0,0,0,0,0,0
194,1200.7929687297114,1.5708638967048354,1.9263506851414962,0.9147463259120445,0.39153264462947845,0.9864974021911621,0.6672809720039368,0,0,0,0,0,0
195,1415.2903417084337,1.5764700646534735,1.9210373095707098,0.9112648751184114,0.40702836215496063,1.060858964920044,0.6223353147506714,0,0,0,0,0,0
196,1407.7154016367876,1.5587802259804355,1.9250224916315901,0.9067561619661186,0.3990211834510168,0.9862385988235474,0.7255760431289673,0,0,0,0,0,0
197,1448.5666330436077,1.3398778716957938,1.9295217759866108,0.9071739735080921,0.3793690552314123,0.9277094602584839,0.5556774735450745,0,0,0,0,0,0
198,1187.524948502512,1.0408364531178125,1.9391355432379562,0.8971575755090618,0.38318035999933875,0.9130640029907227,1.0280704498291016,0,0,0,0,0,0
199,1322.7195584777207,1.246193677963478,1.9224393503579216,0.8903990423611448,0.41952932377656305,1.049920678138733,0.9162821769714355,0,0,0,0,0,0
200,1355.4956762714044,1.5398304948297667,1.9249034592515804,0.8816185236044053,0.3881805663307508,0.9700788855552673,0.8831802010536194,0,0,0,0,0,0
201,1332.2920041553082,1.314316796842856,1.9258394074361873,0.8815715972600392,0.40681115786234534,1.0022878646850586,0.8938969969749451,0,0,0,0,0,0
202,1369.946840726286,1.3829102731621283,1.9263167701522705,0.891783042068691,0.4135308712720871,1.0617706775665283,0.671838641166687,0,0,0,0,0,0
203,1263.6552868718381,1.1589953020072867,1.9232631315383708,0.9001004024586438,0.40878500044345856,0.9859716296195984,0.6888331174850464,0,0,0,0,0,0
204,1388.9095808677823,1.6677572739302826,1.9352716734268407,0.9030768713203007,0.4067507634560267,0.955543041229248,0.8682349324226379,0,0,0,0,0,0
205,1357.7320372755498,1.5097816637447687,1.9263837483121076,0.902635184733126,0.3852456410725912,0.9514472484588623,0.7459487318992615,0,0,0,0,0,0
206,1286.9702149777002,1.370936985102163,1.9241322454149703,0.9002406560798657,0.4303650508324305,1.0801975727081299,0.8424099683761597,0,0,0,0,0,0
207,1372.760905951451,1.2949557568098382,1.9291859708160815,0.8971785799870121,0.3958667069673538,0.9992365837097168,0.8652787804603577,0,0,0,0,0,0
208,1380.3037262539729,1.594366089173803,1.9300482871591385,0.8980954958226397,0.38941224912802375,1.018459677696228,0.8929212093353271,0,0,0,0,0,0
209,1261.4347206956609,1.3736990883055147,1.9290183822183247,0.9015079027929429,0.4026542206605276,0.9663697481155396,0.8155139684677124,0,0,0,0,0,0
210,1262.9600170036158,1.3345213346477416,1.9219260221281165,0.9050163023490022,0.4495879908402761,1.1304081678390503,0.8187131881713867,0,0,0,0,0,0
211,1283.0658940606957,1.180904971823443,1.9364344968307665,0.9045188222423539,0.41481661796569824,1.0221304893493652,0.771583080291748,0,0,0,0,0,0
212,1322.0634461583281,1.1438856238430066,1.9336372131957544,0.899576206526667,0.4019565011064211,0.9770938158035278,0.9296121597290039,0,0,0,0,0,0
213,1444.1196905600732,1.5624434617611127,1.9283782327878825,0.8952071811726676,0.4243368854125341,1.022379755973816,0.7361918091773987,0,0,0,0,0,0
214,1361.723194451571,1.2930448458887898,1.933336397070069,0.8931395220310729,0.3722384423017502,0.9232826232910156,0.7351535558700562,0,0,0,0,0,0
215,1314.6409283389646,1.5319565885591033,1.9194734565240765,0.893995983017739,0.37693377335866296,0.9584336876869202,0.937274158000946,0,0,0,0,0,0
216,1440.797647948406,1.3855818458733233,1.9356604735921619,0.8936587832584724,0.4106307476758957,0.9984933137893677,0.7757681012153625,0,0,0,0,0,0
217,1202.283480888284,1.1683294745250699,1.9326495890552189,0.8950146114498949,0.39630161225795746,1.0049418210983276,1.0392026901245117,0,0,0,0,0,0
218,1178.8000326482309,1.1686503527782557,1.9065962093675801,0.8957786577043129,0.4021075864632925,1.009253978729248,0.7241286039352417,0,0,0,0,0,0
219,1356.9078087567646,1.5001731990334708,1.9176155500278624,0.8962814656136968,0.4194103181362152,1.083527684211731,0.6326220035552979,0,0,0,0,0,0
220,1388.0188691700166,1.5016982262265226,1.9386406507331488,0.8956014395583566,0.3830190747976303,0.9152933955192566,0.8258342146873474,0,0,0,0,0,0
221,1254.4633067345799,1.1958333336407627,1.9181747294345026,0.8969132334758659,0.4183768332004547,1.0412639379501343,0.8036457300186157,0,0,0,0,0,0
222,1405.180209456967,1.3877919415972542,1.926478296054439,0.8991692644773068,0.3875791703661283,0.9702644348144531,0.6007379293441772,0,0,0,0,0,0
223,1416.6418774742065,1.4152034463388925,1.9345745779579138,0.9011270660496504,0.39414157470067346,0.9628245830535889,0.8817713260650635,0,0,0,0,0,0
224,1553.125681191422,1.7573533593570279,1.9351688560169613,0.8927361238666957,0.38034676015377045,0.9514319896697998,0.9002013206481934,0,0,0,0,0,0
225,1153.9486524050415,1.330543682029008,1.929527724186031,0.8936760941945026,0.37598098566134774,0.9188289642333984,0.32591286301612854,0,0,0,0,0,0
226,1501.2624665168883,1.5441279050669539,1.925804704684074,0.8915676767570221,0.39005512495835626,0.9617983102798462,0.9080071449279785,0,0,0,0,0,0
227,1319.4007460044088,1.0881908059902963,1.9338604390752079,0.88865891535485,0.39607472221056617,0.9524619579315186,0.6568391919136047,0,0,0,0,0,0
228,1388.3448764781808,1.4381453087107694,1.916495192321812,0.8869531030901132,0.38529286781946814,0.9638546705245972,0.7838485836982727,0,0,0,0,0,0
229,1287.5569621325456,1.6487385444677993,1.9268263806460695,0.8870259727816057,0.40440446635087335,1.0019049644470215,0.6946777105331421,0,0,0,0,0,0
230,1432.3208722555403,1.6762415341236463,1.9227124415790615,0.8834631218364062,0.3988132054607073,0.992694616317749,1.111745834350586,0,0,0,0,0,0
231,1327.478530607104,1.4313672116263718,1.9372167822612134,0.8762858717666836,0.39374391734600067,0.9598608016967773,0.9295819997787476,0,0,0,0,0,0
232,1345.4505695682844,1.33823133292925,1.9287836898023092,0.8720852672434545,0.42855553825696313,1.0676913261413574,0.790472149848938,0,0,0,0,0,0
233,1319.734800622095,1.4551675932104498,1.936957768056304,0.8743311593326435,0.3921095530192057,1.0115940570831299,0.9196240305900574,0,0,0,0,0,0
234,1487.6344605293923,1.6212556821761068,1.9225553371232018,0.8814783764946658,0.39575990537802375,0.9280408620834351,0.8402882814407349,0,0,0,0,0,0
235,1401.8540771687597,1.5311047713573052,1.926300797036732,0.8862720179660718,0.438843309879303,1.1064364910125732,0.9323192834854126,0,0,0,0,0,0
236,1228.439677054802,1.3011931433881119,1.9298073884705422,0.8909689187861115,0.40932269394397736,0.9921280145645142,0.9964225888252258,0,0,0,0,0,0
237,1288.1917397804418,1.3258192303065086,1.9344072537171342,0.8926845020565327,0.40358103811740875,0.9852406978607178,0.7930409908294678,0,0,0,0,0,0
238,1413.1510264762603,1.6853305719013973,1.9183098961921923,0.8936884633542123,0.4314257105191549,1.0001999139785767,0.769177258014679,0,0,0,0,0,0
239,1339.115801369123,1.5409310537154457,1.9326415719126682,0.8925229011846143,0.40683061381181085,1.0406904220581055,0.91854327917099,0,0,0,0,0,0
240,1361.5220165788166,1.1851249244952,1.9239075520068611,0.8933415297851124,0.3949506332476934,1.0134711265563965,0.6564399003982544,0,0,0,0,0,0
241,1482.2276621023066,1.4883495204108632,1.9275031548931374,0.8935899241988001,0.40571130315462745,1.0387077331542969,0.8911575078964233,0,0,0,0,0,0
242,1344.354330887045,1.4304436422402982,1.9204372990757843,0.8938611155099087,0.4189427445332209,1.0401296615600586,0.8478480577468872,0,0,0,0,0,0
243,1412.1415053628994,1.6256665923972258,1.9252767479452728,0.8924741427458646,0.43204257885615027,1.0918428897857666,0.887376070022583,0,0,0,0,0,0
244,1447.2355221665466,1.6950382001899247,1.916272856255837,0.8891993812885298,0.4230060329039892,1.0846298933029175,0.8510816693305969,0,0,0,0,0,0
245,1209.775694078733,1.4135085915757188,1.936132459958913,0.8846614397894511,0.38875054816404975,0.9634463787078857,0.5001148581504822,0,0,0,0,0,0
246,1172.9870974517344,1.0811163530528398,1.9379541830353606,0.880685835563745,0.4048723727464676,1.0282320976257324,0.772297739982605,0,0,0,0,0,0
247,1330.2351413574813,1.840362671465626,1.9304146354127025,0.8811348134963402,0.40359657506148017,0.9739469289779663,0.7425161600112915,0,0,0,0,0,0
248,1310.4491785185464,1.045701401367958,1.9195006566496442,0.878898351167046,0.4114691664775213,1.004823923110962,0.8292902708053589,0,0,0,0,0,0
249,1457.0023636816834,1.3502446401630706,1.9247890630805333,0.8798602894087133,0.39449176688989007,0.9662752747535706,0.6692730188369751,0,0,0,0,0,0
250,1226.3392580243767,1.3368864584942646,1.9191728452764112,0.8800297875064108,0.3839087337255478,0.9310593605041504,0.8253195285797119,0,0,0,0,0,0
251,1431.594757434467,1.6326002285226426,1.9231949033666347,0.8838289711086403,0.43573797245820367,1.1164214611053467,0.8785708546638489,0,0,0,0,0,0
252,1310.7079438076921,1.241260248366495,1.933657270701418,0.8854738427343489,0.3843441059192022,0.9086265563964844,0.9466392993927002,0,0,0,0,0,0
253,1358.5298526397537,1.4662326766653286,1.922298716930158,0.8851929183372311,0.40588556230068207,0.9664497375488281,0.7690209746360779,0,0,0,0,0,0
254,1473.832373506876,1.900139602011387,1.9358580235335685,0.8825559562044006,0.41383612155914307,1.0495766401290894,0.5368329286575317,0,0,0,0,0,0
255,1221.4991063897778,1.3478378119351255,1.9427395990287983,0.8835393584565897,0.38876957197984063,0.9402951002120972,0.46931788325309753,0,0,0,0,0,0
256,1244.718842201234,1.2215722590334481,1.9379439046613902,0.8851971386422857,0.42990861336390174,1.1258437633514404,0.8921031355857849,0,0,0,0,0,0
257,1436.5920459008942,1.597157730912822,1.9323239874800497,0.8895247731723744,0.4035928100347519,1.0217223167419434,0.5991566181182861,0,0,0,0,0,0
258,1496.6512901080878,1.7424361321577397,1.929942775538986,0.8896623382560521,0.407863105336825,1.003342866897583,0.7516406774520874,0,0,0,0,0,0
259,1374.8538196298023,1.2301767028042518,1.9280864874905927,0.8895866758150769,0.39578473567962646,0.9763867855072021,0.7196260094642639,0,0,0,0,0,0
260,1392.78728854053,1.383467644196477,1.9247699265270812,0.8910343499154669,0.38947272300720215,0.9606484174728394,0.6231958866119385,0,0,0,0,0,0
261,1550.5897424232849,1.6585215890990728,1.918134663978699,0.8919525054571854,0.3762371142705282,0.9349998235702515,0.6223070621490479,0,0,0,0,0,0
262,1439.6205789128535,1.68259195994155,1.9188713871516485,0.892638897796882,0.3896778027216593,0.9678980112075806,0.9475981593132019,0,0,0,0,0,0
263,1344.2874816527658,1.463983252507044,1.9123941109863776,0.8907224263917591,0.39274534583091736,0.9689193964004517,0.5774393081665039,0,0,0,0,0,0
264,1390.0808859082924,1.3703581115594217,1.932863318516653,0.8890826781521243,0.4020271499951681,1.0081171989440918,0.8219752311706543,0,0,0,0,0,0
265,1295.0967727873563,1.3067100077880835,1.9317191787795283,0.8853389486973602,0.40994593501091003,0.9739993214607239,0.7732436656951904,0,0,0,0,0,0
266,1324.0538421911285,1.5036127595584499,1.9312486558230875,0.8822433712742518,0.37654485305150354,0.9223192930221558,0.658146321773529,0,0,0,0,0,0
267,1271.9278228903247,1.4322143229179354,1.93396842394251,0.880233324414989,0.4217204501231512,1.067500114440918,0.9222375154495239,0,0,0,0,0,0
268,1260.7691474856836,1.2157335014699284,1.9331080093392614,0.8845903249756869,0.38564433157444,0.9219889640808105,0.6224926114082336,0,0,0,0,0,0
269,1451.8831161843268,1.3307840541959077,1.9374778874396255,0.8910683062389142,0.40769646068414056,1.011509656906128,0.7761010527610779,0,0,0,0,0,0
270,1512.3903835460417,1.445499575829552,1.9329565299057623,0.8961890775290369,0.39669842521349585,0.9768379926681519,1.0641107559204102,0,0,0,0,0,0
271,1351.9739942138358,1.4562227017767904,1.9281252414194738,0.8968362519182459,0.3641847471396128,0.8757696151733398,1.0587924718856812,0,0,0,0,0,0
272,1299.1756923331673,1.1184510910318766,1.9291772280312791,0.8966074398950115,0.4017827113469442,1.034224510192871,0.6333352327346802,0,0,0,0,0,0
273,1281.3749663426559,1.477195247911244,1.9358351065435109,0.896864000241554,0.39415155847867334,0.9627110958099365,0.7727150321006775,0,0,0,0,0,0
274,1306.8518490229815,1.304430312595323,1.9302425044967801,0.8969738974632541,0.3917921781539917,0.9065002202987671,0.8016753792762756,0,0,0,0,0,0
275,1254.1897410872598,1.1548297499519538,1.9330739592879052,0.8966289827910826,0.4055185616016388,0.9602268934249878,0.7379900813102722,0,0,0,0,0,0
276,1430.717717806664,1.2689509255710145,1.9367419414706415,0.8961907121862256,0.37091917296250665,0.8744829893112183,0.9633075594902039,0,0,0,0,0,0
277,1375.9886953798455,1.2453696494464017,1.9420352225052122,0.8954269680150795,0.38961707055568695,0.967575192451477,0.8103156685829163,0,0,0,0,0,0
278,1603.7017454791555,1.7234683456701745,1.941663744886608,0.8848491038222548,0.3956919113794962,0.9573293924331665,0.6457217931747437,0,0,0,0,0,0
279,1331.792872226352,1.4455911717162846,1.9357303326082635,0.8819101310552783,0.3785947561264038,0.9564008712768555,0.9124705791473389,0,0,0,0,0,0
280,1345.3908218491451,1.3609527612622552,1.96429863119352,0.8768389187660157,0.3941265890995661,0.9681586027145386,0.9421968460083008,0,0,0,0,0,0
281,1300.6864277829118,1.524896472582336,1.9556596329717024,0.8726959549587606,0.38320216039816535,0.9204500913619995,0.8982424736022949,0,0,0,0,0,0
282,1405.2795060594608,1.535546821510044,1.9423595650480876,0.8752792085304242,0.36105775833129883,0.8750104308128357,0.8602250814437866,0,0,0,0,0,0
283,1214.8292096066646,1.1188933060459678,1.9455460605962527,0.881511673447859,0.4140806173284849,1.082258701324463,0.9618412852287292,0,0,0,0,0,0
284,1320.8250063232006,1.2413944728914768,1.9462573976237436,0.8842627191081781,0.40910458068052924,1.0271074771881104,0.8126662969589233,0,0,0,0,0,0
285,1486.011719304118,1.421477051583813,1.9434653590053776,0.8799166466007867,0.40351888040701545,0.9923471212387085,0.9029860496520996,0,0,0,0,0,0
286,1284.3043942370007,1.1825299218470025,1.9506112570054728,0.875073682743228,0.41857141753037774,1.0417684316635132,0.9356411695480347,0,0,0,0,0,0
287,1500.645864430424,1.6067910400680459,1.9393349756946896,0.8754056347981743,0.3783735831578573,0.9481000900268555,0.8133821487426758,0,0,0,0,0,0
288,1372.5759024162758,1.2838231976499612,1.9378299321490675,0.8788440039169759,0.3851636374990145,0.9209281802177429,0.932513952255249,0,0,0,0,0,0
289,1257.3384767866494,1.234618909420111,1.9503161545955718,0.8817913486887783,0.405787855386734,0.9949741363525391,0.8146752715110779,0,0,0,0,0,0
290,1505.6934321070487,1.8764522839121738,1.9485911848717261,0.8732818382249699,0.3836180319388708,0.9825429916381836,0.9230208992958069,0,0,0,0,0,0
291,1415.331776205087,1.6017981255918272,1.9589884802747908,0.87353820991477,0.4009026338656744,0.9505366683006287,0.826083242893219,0,0,0,0,0,0
292,1345.2464047187868,1.3400327945023096,1.956750322945524,0.8717316526799173,0.39400663475195563,0.9376345872879028,0.6661649942398071,0,0,0,0,0,0
293,1328.8124934201462,1.3666478431057787,1.9513663418556924,0.8701176477712989,0.40998581051826477,1.0591648817062378,0.6438281536102295,0,0,0,0,0,0
294,1367.5152823541662,1.167123383945401,1.9520035344906226,0.8659529541563766,0.38665765027205146,0.8947468996047974,0.6677745580673218,0,0,0,0,0,0
295,1345.1829319783237,1.652642669746466,1.9459630184608532,0.864081272437207,0.4023416340351105,0.951024055480957,0.7920535802841187,0,0,0,0,0,0
296,1200.2807232593798,1.206563961126249,1.9532405482143167,0.8613480957844311,0.40938099225362146,0.9571309089660645,0.7990016937255859,0,0,0,0,0,0
297,1328.3366588408626,1.1606454122604903,1.956615170838143,0.8654477727089785,0.3844296683867773,0.9199990034103394,0.9390319585800171,0,0,0,0,0,0
298,1154.2356891345314,1.1907220037353428,1.9381859951186324,0.8674398778860531,0.41496267914772034,1.006263256072998,0.7525469064712524,0,0,0,0,0,0
299,1448.6076599350815,1.3522429055654328,1.939965064005379,0.8683243218428213,0.37876401344935096,0.9482654929161072,0.6940584182739258,0,0,0,0,0,0
300,1207.987792402152,1.3635294137034006,1.9316337561703267,0.8672382205793561,0.3803009887536367,0.9182417988777161,0.7872815728187561,0,0,0,0,0,0
