episode,reward,makespan,load_balance,stability
1,1023.9433634766833,6.936157914506478,0.8,1.0
2,705.5231436508042,6.808217155901243,0.8,1.0
3,897.3535899151005,6.354300866110808,0.8,1.0
4,1068.4430679267823,5.540055853124517,0.8,1.0
5,1158.0666493273227,7.390808058847483,0.8,0.7178329316799615
6,961.7942604360658,6.098655502883055,0.8,0.7335115820833665
7,1207.8291676913502,6.178264992783003,0.8,0.7542509088177207
8,1168.6217890057947,5.218822559822897,0.8,0.6863624561405832
9,978.0244460656861,4.926067845628092,0.8,0.6300928448610955
10,1112.146931838022,4.44637925727983,0.8,0.5688290339960317
11,1179.625874652297,6.717599557224764,0.8,0.5477717781164827
12,1029.4018392682146,5.9120222105535145,0.8,0.5509088773796037
13,1115.2072341167443,6.188769944454181,0.8,0.6607118594713355
14,1038.1296156673845,4.9727861163188205,0.8,0.6480887370087923
15,1099.0975888673863,7.003829622381194,0.8,0.5737017398698186
16,1046.1358778329895,4.849190611693933,0.8,0.5555538288800549
17,1192.6265259579393,4.625888475967949,0.8,0.5369218284067626
18,1097.58606570332,4.510936726115271,0.8,0.5421599378028206
19,1136.7692042499816,7.340709598652887,0.8,0.4851055213703846
20,1125.8632936235122,7.304270201994114,0.8,0.4244962734132054
21,763.2930949448013,6.145481170931191,0.8,0.42512178739926676
22,781.9639289000573,6.929663811008976,0.8,0.42647143556118816
23,988.6183853909035,4.956595705018626,0.8,0.42828673329077693
24,1062.7320675921674,6.995432273551386,0.8,0.43272886947745837
25,962.0785849655842,4.7473350694482335,0.8,0.4409679480910063
26,913.2978786636149,6.988122560963037,0.8,0.5142141635548613
27,1265.7242590959697,5.657285138821729,0.8,0.5348471209342253
28,1060.1335778730836,4.032439577724984,0.8,0.4651184394391272
29,1005.6876600512278,8.863604065295187,0.8,0.313637773819059
30,867.4107037735396,5.940873532665867,0.8,0.32240541627924024
31,1210.361696837984,3.457651860548232,0.8,0.26688416502683826
32,1060.1546570207315,7.178116298493546,0.8,0.26291044153918
33,1114.6705774043353,4.2966357306054155,0.8,0.253103170096431
34,1116.421316305886,3.875519198780297,0.8,0.24464772669092993
35,1283.9625531391841,5.141771270457245,0.8,0.24479423695331728
36,805.4054884778419,6.898583350565032,0.8,0.24748341347888742
37,1053.0404213317393,5.4591467098171025,0.8,0.38147686007202547
38,1256.9320439268001,4.924574976747831,0.8,0.3896034055720518
39,907.5586220642069,4.246117402238974,0.8,0.4347201036086099
40,1261.6611872563801,4.743588412638858,0.8,0.5628627772129149
41,1006.4920942001742,6.19482210552748,0.8,0.53719982969093
42,933.7743664660604,6.45936170201415,0.8,0.5728975859665514
43,1042.88220086994,6.697342949444464,0.8,0.5354574261222543
44,955.9179054923866,3.182197847335358,0.8,0.44104713044326915
45,1007.9700563174256,6.976288982989153,0.8,0.38420009482762035
46,1024.2276525676855,4.690379257548377,0.8,0.3790338912581898
47,938.6534943449143,5.079052420824771,0.8,0.40417934509704107
48,1058.5142164102124,6.888264254521665,0.8,0.3890859743553401
49,1104.2427951733637,5.026680640049095,0.8,0.38526848090905813
50,1469.4216953813477,3.716040499316679,0.8,0.35131348879384766
51,1643.145822476938,6.141760216048134,0.8,0.37262810098367755
52,1198.2015546821253,6.289745214124599,0.8,0.46243215395908027
53,1281.33358006196,5.5997422170221585,0.8,0.5272999833722188
54,1300.0818461145086,5.05457860902356,0.8,0.5423835197869996
55,1132.620018473345,7.02518801784178,0.8,0.4841266697389457
56,1269.011011335695,5.368726444505772,0.8,0.5337713747166943
57,1549.995223595649,4.50142709872897,0.8,0.5077581436725738
58,1591.0338644646422,4.4651465169332765,0.8,0.5869188847047402
59,1466.5905812689039,4.604763124665964,0.8,0.5756929143539786
60,1221.6709517672277,5.656495866627923,0.8,0.6118875924283607
61,1384.3424836042884,6.029606508863989,0.8,0.59228558431306
62,1335.8818618942573,4.802964496925162,0.8,0.5837225694376513
63,1392.3656489223727,5.138585501781098,0.8,0.7740213464644651
64,1658.7554866999728,4.941153041771557,0.8,0.7811761027911867
65,1340.216748848954,5.790540910410853,0.8,0.7718686994957138
66,1464.4869592868345,5.429486349687257,0.8,0.816157359736111
67,1449.0442548783303,4.322269435839976,0.8,0.7794075506817881
68,1302.6892537277558,6.105583630130489,0.8,0.7412000603589434
69,1460.6459602387263,5.667155933266763,0.8,0.7696837712599159
70,1530.3324758708488,4.565292172426,0.8,0.7499378002720868
71,1362.810776307223,5.461749273986497,0.8,0.7483526095320776
72,1394.1439178942173,5.678010990924226,0.8,0.7506162371704096
73,1639.9667719810454,4.007251339084266,0.8,0.6684820114545765
74,1540.6391182959596,6.087085196057856,0.8,0.6295581842621801
75,1722.4812102094177,5.343380988877085,0.8,0.6807360889037741
76,1507.8194806458912,5.785358870330116,0.8,0.7037889199615207
77,1257.2714965128846,4.149552209255024,0.8,0.648194617994095
78,1091.4924306157357,4.363241364980686,0.8,0.6345280107611613
79,1345.7713078333745,5.0791659961969655,0.8,0.641729824520006
80,1290.913038630847,7.92331986324191,0.8,0.6029550841238377
81,1719.5809098053326,4.79173655731752,0.8,0.6635007337382411
82,1609.6729058030653,4.442851988441762,0.8,0.6913189214351395
83,1542.9316849420047,7.002466545089471,0.8,0.6188940524583311
84,1364.827150920241,3.9379385575473433,0.8,0.5929560571495334
85,1396.6805292865747,5.139530036197802,0.8,0.6218439308267162
86,1528.662071444855,5.212723179141425,0.8,0.6464369360092778
87,1418.6862375177127,4.8167153132372835,0.8,0.641949527660729
88,1433.2771484540467,5.1964762691972375,0.8,0.7130230672404264
89,1360.6951113919597,2.851619405007591,0.8,0.6527925722055782
90,1166.618885937212,5.9244151312154205,0.8,0.6187441259618833
91,1446.7611054008605,5.020618013004431,0.8,0.7110503149130069
92,1546.5984225991226,5.704360082769728,0.8,0.754165675004323
93,1584.089120973184,5.10712745124521,0.8,0.7542197533890994
94,1295.2709474090252,4.83310623676462,0.8,0.7508378452263992
95,1732.7051238622216,5.471783766079281,0.8,0.747053887453101
96,1574.6279985367373,4.2174328191112505,0.8,0.7297836380574615
97,1874.9095156767557,4.7295445073097016,0.8,0.83246097141941
98,1398.2864418314002,4.776989793905149,0.8,0.885127284391871
99,1350.5778621763614,6.326871737713928,0.8,0.8672699894763064
100,1996.7795374449552,5.270339730206211,0.7999999999999999,0.9034609725062575
101,2072.8448646345078,5.467188185067454,0.7999999999999999,0.8868641622489879
102,1706.0282226015754,5.155200250086081,0.7999999999999999,0.8935982683792979
103,1721.1065351364862,5.578254359583538,0.7999999999999999,0.8852066668262808
104,1950.5755694968548,5.491377083213148,0.7999999999999999,0.9115996231011559
105,1666.4745298955295,4.988133186272282,0.7999999999999999,0.9337477211171605
106,1761.8868275471925,4.302790262648016,0.7999999999999999,0.9445857446223331
107,1954.3464955456138,4.168706628681291,0.7999999999999999,0.916851528685372
108,1641.87149865486,4.133103230460598,0.7999999999999999,0.8271594938096865
109,1691.5536696270397,4.823699866555261,0.7999999999999999,0.842751260611802
110,1868.2517293271294,4.333261543700696,0.7999999999999999,0.8185697238608329
111,2081.0566755498276,4.156184782023937,0.7999999999999999,0.841252288718648
112,1775.7049018064401,4.954099701441251,0.7999999999999999,0.899234034196276
113,2045.5956144691559,5.8648918749950845,0.7999999999999999,0.8833393371101343
114,1829.001919090274,4.199612853114975,0.7999999999999999,0.8759813604854636
115,1933.2240071967335,5.125265638134239,0.7999999999999999,0.8494334188432144
116,1616.6972929646793,5.873220407219091,0.7999999999999999,0.7690405836419562
117,1821.5250661869795,3.631301468603127,0.7999999999999999,0.6861437564001718
118,1962.9140800391815,3.852593241996384,0.7999999999999999,0.6560153342088912
119,1725.4479787465336,5.853497685614282,0.7999999999999999,0.6087594608102986
120,1818.0994368641905,5.194661304048517,0.7999999999999999,0.6037356433629597
121,1849.7333409821522,3.816619098935942,0.7999999999999999,0.5704850940333539
122,1756.3942156838248,5.042594324126028,0.7999999999999999,0.5791843715657914
123,1623.5800106918077,4.479958841588481,0.7999999999999999,0.5815876485422404
124,1327.4443750157566,5.453056385420162,0.7999999999999999,0.6182760703919685
125,1901.6293909815886,4.426656689322182,0.7999999999999999,0.6752449040393494
126,1924.0018525114383,4.028451820136645,0.7999999999999999,0.6924176444492379
127,2032.1594746934588,3.8849223076899215,0.7999999999999999,0.7445054323076384
128,2094.424939927857,4.849192579170164,0.7999999999999999,0.7693723539333139
129,1755.4849882878702,4.490035515670646,0.7999999999999999,0.8099123243878744
130,1925.6486826753792,4.031096870533562,0.7999999999999999,0.8129434845456416
131,1677.083650118537,4.424311825751354,0.7999999999999999,0.8129452488332768
132,1681.752663606492,5.909281267455239,0.7999999999999999,0.8753290956178118
133,1843.1348473716357,4.243442858514319,0.7999999999999999,0.8736374287209937
134,2017.4138693265436,4.281891371612866,0.7999999999999999,0.885030627476236
135,1929.257699811316,3.8810564507970433,0.7999999999999999,0.884636896280169
136,2008.0454121034054,5.0165759478810426,0.7999999999999999,0.8679507298618131
137,1757.7540433121248,4.006831285875494,0.7999999999999999,0.8549190906350793
138,1654.4216809881566,4.745470085499125,0.7999999999999999,0.8575349814024156
139,1690.6876996486048,4.999316964023392,0.7999999999999999,0.8345958149099463
140,1668.7277831910571,5.179847926859284,0.7999999999999999,0.8194526999294749
141,1858.6431886657065,4.4664750868643575,0.7999999999999999,0.8271353793730174
142,1784.6998588961746,4.075438833416107,0.7999999999999999,0.8139102787591967
143,1886.2352653310713,4.5982820377863485,0.7999999999999999,0.8579240311345707
144,1639.6071780683476,4.338252197011386,0.7999999999999999,0.8685101980564663
145,1932.944960381269,4.221375335206921,0.7999999999999999,0.8871292022180338
146,2105.1568403229044,4.4873215476768875,0.7999999999999999,0.8899045641199549
147,1782.0971468501407,4.67363367569393,0.7999999999999999,0.9104228366806357
148,1918.4581187605636,4.289468993464675,0.7999999999999999,0.9662766607188464
149,1616.4786340440555,6.07625574208762,0.7999999999999999,0.9551919523644808
150,1879.7305932862632,3.9508279005370994,0.7999999999999999,0.9438125992221175
151,1940.0759002725024,5.052681744485969,0.7999999999999999,0.9062522763340051
152,1851.8566678144857,4.140282773191409,0.7999999999999999,0.8975692990836291
153,1544.6718743006656,4.22429406907724,0.7999999999999999,0.8976986011423178
154,2010.9504668615493,5.712368400553697,0.7999999999999999,0.845214454716928
155,1978.7507551901163,3.4899320503887536,0.7999999999999999,0.7717745474355469
156,1607.3698988719725,4.147609764258004,0.7999999999999999,0.768391805844375
157,1844.7839133182238,4.573594835125271,0.7999999999999999,0.7748890633418204
158,1953.1252069802063,4.024051249636082,0.7999999999999999,0.7789633089687342
159,1734.1851438656727,5.923134056927052,0.7999999999999999,0.6591066346987158
160,1823.776274277844,3.4804311335277824,0.7999999999999999,0.6176103764197182
161,1727.5509916892388,4.701846686840782,0.7999999999999999,0.6155154610707025
162,1832.1521418049986,5.264208069309639,0.7999999999999999,0.613194815349825
163,2107.5180242868687,4.60928578485063,0.7999999999999999,0.667105750108342
164,1772.3475485036101,5.36446631776402,0.7999999999999999,0.6552096617231218
165,1589.4961853405393,4.095561180574346,0.7999999999999999,0.6363655789162711
166,1922.9410766634242,3.614626470099534,0.7999999999999999,0.6034301437131369
167,1760.7397964894978,4.36312765382456,0.7999999999999999,0.7043709273949464
168,2144.387677945741,5.385247759795493,0.7999999999999999,0.7346576170556549
169,1822.1406233894204,5.629410344959862,0.7999999999999999,0.6842030238641146
170,1937.244015845746,3.8113789099184348,0.7999999999999999,0.6577012182439186
171,1820.3215542504126,4.247329525805819,0.7999999999999999,0.6515662526874488
172,1808.6284122413927,4.389319515807435,0.7999999999999999,0.6927125362000713
173,2215.605872231822,4.599364032218927,0.7999999999999999,0.7004138701306505
174,1743.617213553163,3.8514478032433037,0.7999999999999999,0.7240353114728328
175,2151.7530446715064,4.190762093677772,0.7999999999999999,0.7185014351855458
176,1895.2917510179795,4.639021748836583,0.7999999999999999,0.7752093840606586
177,1756.4551766591906,4.558108912867095,0.7999999999999999,0.9161488145053891
178,1981.222837078718,4.386303104747304,0.7999999999999999,0.9438563244252592
179,1883.520024934835,5.2200222806137395,0.7999999999999999,0.9200189011217738
180,1590.77934128579,6.816981790028954,0.7999999999999999,0.8921965579009542
181,1852.4993945267029,5.17744987161337,0.7999999999999999,0.855007346784503
182,2145.790921389669,4.730791355185647,0.7999999999999999,0.9154090594504187
183,2134.928326966815,4.724379932219843,0.7999999999999999,0.9469688581036464
184,1975.1101416754168,3.7735356940254334,0.7999999999999999,0.944245748915721
185,1773.9382404351882,6.174430845583433,0.7999999999999999,0.9252603775257052
186,1698.975010546843,4.070469555762956,0.7999999999999999,0.8866244596091214
187,1663.7818510759853,4.6403815840108,0.7999999999999999,0.8854348163990406
188,1782.5831328301254,3.5684720888612778,0.7999999999999999,0.7860672422807076
189,1977.5739127645447,5.03814602621085,0.7999999999999999,0.7974652596235041
190,1931.7899169782934,3.79189135241806,0.7999999999999999,0.7608671751545801
191,1629.7852889701212,5.376356615225532,0.7999999999999999,0.7122835180849643
192,1934.9683246034929,4.196029770188248,0.7999999999999999,0.7058796181033764
193,1812.4176331924928,5.156579312165224,0.7999999999999999,0.7174119292588524
194,1897.981682441765,4.184778569980195,0.7999999999999999,0.7227359445751923
195,2113.44381938714,4.783128818343477,0.7999999999999999,0.7188654190201036
196,1539.5724816070192,4.870453849501389,0.7999999999999999,0.7877738780408658
197,1699.0912354448026,3.7972040034632237,0.7999999999999999,0.7546785835818018
198,1849.1600881243282,5.763619577620634,0.7999999999999999,0.7185981813954425
199,1951.1186282497924,3.7356784701509542,0.7999999999999999,0.696536641429193
200,1729.0634960928426,4.567410669476861,0.7999999999999999,0.705775849893843
201,1621.879010124241,5.212570500527673,0.7999999999999999,0.7017980974247988
202,1887.232936468029,5.0058258383503675,0.7999999999999999,0.7089849303912926
203,2018.1739649656297,3.7149387370922295,0.7999999999999999,0.6589333262494711
204,1917.4024426124179,4.93123024876986,0.7999999999999999,0.6568710536968796
205,2430.9030826636526,4.174460174287633,0.7999999999999999,0.6834973091296012
206,1818.6027281891384,5.01246974797266,0.7999999999999999,0.7613599204120752
207,2077.4618043196406,4.229764325243498,0.7999999999999999,0.8062858039240314
208,1836.3942607571123,4.632658513413689,0.7999999999999999,0.8063932104171394
209,1708.0790898235,5.055703906339208,0.7999999999999999,0.8201314824256439
210,1940.9525994117082,4.066769333345923,0.7999999999999999,0.8201878873329829
211,1870.5270550426267,4.400683994897404,0.7999999999999999,0.877209662812762
212,1532.5860239070294,4.037877100024354,0.7999999999999999,0.873346319924644
213,1634.3919450786916,4.121175776975263,0.7999999999999999,0.870307270815173
214,1705.7976064996255,4.215780658489307,0.7999999999999999,0.904695005307052
215,1602.1553711890506,3.896074518680143,0.7999999999999999,0.8872002677573175
216,1984.7618941834162,3.3871767631130854,0.7999999999999999,0.8811266824336211
217,1729.8665799211853,4.611134851185466,0.7999999999999999,0.9650059489969417
218,2323.2312342746814,4.652254402059991,0.7999999999999999,0.9363408174253376
219,2253.3041131673685,4.374324399049434,0.7999999999999999,0.9375544373001259
220,1731.5127203987804,3.557804308164386,0.7999999999999999,0.9022027538969408
221,1608.2421745980735,5.104995758844677,0.7999999999999999,0.8226931358253448
222,1725.3042126871057,4.863877470147365,0.7999999999999999,0.795107164095455
223,1650.4815767948517,2.8668932943299335,0.7999999999999999,0.7529292461510574
224,1741.3484029627894,4.116624780335626,0.7999999999999999,0.7681610366195648
225,1613.9060331586595,3.4054331989369255,0.7999999999999999,0.71959048270963
226,1795.8963245700143,4.721745394155459,0.7999999999999999,0.7151840185387305
227,2030.654428993643,4.521812465559115,0.7999999999999999,0.7106794465594016
228,1775.0968863887535,3.833473954577474,0.7999999999999999,0.7299317555906836
229,1841.9834211190152,3.3003123982103184,0.7999999999999999,0.7456634339483946
230,2054.9155188134005,4.027909176475679,0.7999999999999999,0.8049121330283494
231,1970.1266319936171,3.3368681321140374,0.7999999999999999,0.7959840085258498
232,1954.9030069929224,5.521005711071738,0.7999999999999999,0.7537214810345768
233,1744.9917405332508,4.7770025177291515,0.7999999999999999,0.7493400914788106
234,1731.6240598447182,5.340549182665584,0.7999999999999999,0.6829803885265041
235,1682.9775188801225,4.187366455606384,0.7999999999999999,0.6886362331038537
236,1899.927225830859,5.001968178429249,0.7999999999999999,0.6678356160659049
237,1784.808651731806,4.975614197693501,0.7999999999999999,0.7296021907043897
238,1706.21588970873,4.979898057681525,0.7999999999999999,0.7426174422451353
239,1940.8949116141248,4.724522498279702,0.7999999999999999,0.9118406385109233
240,2181.376177362352,4.45675756166684,0.7999999999999999,0.8993502598021365
241,1728.043253893016,2.877698860234565,0.7999999999999999,0.8851767667868405
242,1791.7228127993342,5.804194858973609,0.7999999999999999,0.8998304293344928
243,1878.0762580869682,4.002859549494647,0.7999999999999999,0.8767378878025537
244,2128.226202380574,4.729024872727496,0.7999999999999999,0.8854459580935572
245,1946.3426030303604,4.21063030801231,0.7999999999999999,0.879028466768997
246,1921.3743423620476,5.51871260568089,0.7999999999999999,0.8182593106986316
247,1876.1719553504788,3.3937985978824337,0.7999999999999999,0.7179164347831964
248,1943.4523242867306,4.608202893037238,0.7999999999999999,0.717261759502191
249,1787.1523671430768,4.961470567713104,0.7999999999999999,0.7073788431769391
250,2088.6633752071966,4.868621431909259,0.7999999999999999,0.7276310640005763
251,1607.6616673759986,3.7537843347100104,0.7999999999999999,0.7070396970609324
252,1628.0693568944475,4.065144158007954,0.7999999999999999,0.7015279026369298
253,1613.8552454809608,4.291991962274971,0.7999999999999999,0.7032973769783856
254,1945.0299152120674,4.795304291612967,0.7999999999999999,0.7796013004610266
255,1989.5282766643697,4.828443821511802,0.7999999999999999,0.856431110811812
256,1639.0614199917784,4.279124807785332,0.7999999999999999,0.852982045011204
257,1899.714979355227,5.126147363356484,0.7999999999999999,0.8367322353640497
258,1771.866759187919,4.7291415852475875,0.7999999999999999,0.8442831099007395
259,1675.7452033357722,5.248929406104227,0.7999999999999999,0.8649532434745639
260,1888.622969310678,4.250974910306653,0.7999999999999999,0.8835606971202549
261,1998.9850306396738,3.8687929754967603,0.7999999999999999,0.8376053984974096
262,1730.8976283232103,4.396559318874387,0.7999999999999999,0.8362086865430752
263,1600.7171117021173,2.9903867464179554,0.7999999999999999,0.772230844640829
264,1845.765323923095,4.420890759145309,0.7999999999999999,0.7741852546427753
265,1910.354610259855,4.811652121022356,0.7999999999999999,0.8003686795068468
266,1821.5246375848862,4.977343002963134,0.7999999999999999,0.7837889706657744
267,1966.4221981844762,4.30706160471471,0.7999999999999999,0.8452587678820095
268,1657.607412831868,4.2334912725584415,0.7999999999999999,0.8450035191179185
269,2131.5949927785728,4.600903038807195,0.7999999999999999,0.8628602997877328
270,1701.4553678881896,5.208136972798861,0.7999999999999999,0.814760751724557
271,1684.5238751232032,4.351679751367793,0.7999999999999999,0.9019820762436759
272,1762.4895944641298,4.220372738882791,0.7999999999999999,0.8906762812847362
273,1541.2204145549267,4.340523521549649,0.7999999999999999,0.8922397280382417
274,1696.4403465768798,3.7948970955774004,0.7999999999999999,0.8760840340318238
275,1620.1528110744364,4.744468990746573,0.7999999999999999,0.8664310073924084
276,1686.3513098951403,5.838787503635905,0.7999999999999999,0.8556029717015341
277,1891.7776310151546,4.142807685916981,0.7999999999999999,0.8457002798818454
278,1682.885629804443,6.2564200835799575,0.7999999999999999,0.8486997323354655
279,1683.6092765041687,6.043170671370028,0.7999999999999999,0.6918241891103456
280,2128.469254532587,4.290763383509023,0.7999999999999999,0.6953811516897737
281,1908.5560888849236,5.994789065815129,0.7999999999999999,0.6262014810064429
282,1591.7379967233055,4.411956125073451,0.7999999999999999,0.6802174722709553
283,1772.6481000204399,5.874205820994575,0.7999999999999999,0.6461195459239032
284,2027.7075064415021,3.992484384606739,0.7999999999999999,0.5937104204453268
285,1817.353249050592,4.71886540206925,0.7999999999999999,0.6256531871906611
286,1671.0483824587718,4.7279513404002875,0.7999999999999999,0.622150445863246
287,1570.3456740214465,4.609599804623801,0.7999999999999999,0.6846171759154079
288,1918.1115586499727,5.843624399463175,0.7999999999999999,0.6596238497899687
289,2081.355144598815,3.5823890292744127,0.7999999999999999,0.6387070444832711
290,1668.9003093875285,5.957311319724179,0.7999999999999999,0.5855477471815054
291,2012.77764793484,5.0955292886660155,0.7999999999999999,0.630094769895909
292,1927.6502232720418,4.184069623327042,0.7999999999999999,0.6444812358520514
293,1915.3379866619891,4.79796068775877,0.7999999999999999,0.6451920310913258
294,1792.1603887454257,5.963690185140444,0.7999999999999999,0.5954852764515209
295,1885.6117611102454,6.198603751674292,0.7999999999999999,0.5559622063447069
296,1766.490495565985,4.898615544247741,0.7999999999999999,0.5730702848486806
297,1419.7731659956426,4.559599485654389,0.7999999999999999,0.6745829596729299
298,1582.4843384996127,4.180491323236326,0.7999999999999999,0.6691749426675178
299,1798.5483165137612,6.262844933277403,0.7999999999999999,0.5967573732066496
300,1471.9468030600779,2.48493938745673,0.7999999999999999,0.5302673510534842
301,1328.6993194314987,5.83083271529005,0.7999999999999999,0.515881686375518
302,1697.2750306336711,6.094193289284224,0.7999999999999999,0.5086434423300277
303,1782.9245143315197,6.577030044384543,0.7999999999999999,0.4814763029250727
304,2050.211434574024,4.24477153069136,0.7999999999999999,0.45885671661360616
305,1538.429469569097,3.6644127382200424,0.7999999999999999,0.41654260110724683
306,1663.5731841391203,5.427717881129664,0.7999999999999999,0.43455432016377615
307,1807.4764509883257,4.337234278737107,0.7999999999999999,0.45543927098669923
308,1791.1926556918645,2.5681723204306603,0.7999999999999999,0.3797293185491443
309,2078.525516103964,5.1381384157247245,0.7999999999999999,0.39763374755018294
310,1695.6084520409204,5.8342817933544096,0.7999999999999999,0.4106198344862987
311,1949.1564226587118,5.724258008908195,0.7999999999999999,0.4717375232439889
312,2029.5167558643436,4.64238693897187,0.7999999999999999,0.4761730613431052
313,2006.8599259239604,5.327016856352218,0.7999999999999999,0.5036110956194343
314,1644.9796594086235,5.15169083050298,0.7999999999999999,0.5112881019999985
315,1768.498736363393,4.6396006532593415,0.7999999999999999,0.51872353131184
316,1895.0276566372236,6.260142199015707,0.7999999999999999,0.7772854014633163
317,2073.3188993886492,3.9062304517893445,0.7999999999999999,0.6602451176052597
318,1744.6688199200687,3.7651905957752274,0.7999999999999999,0.6070372730104311
319,2113.123183667883,4.938816688314154,0.7999999999999999,0.641731731665127
320,1972.8502514563147,5.564054473056424,0.7999999999999999,0.6218045929463003
321,1818.8237710098483,4.991135738709835,0.7999999999999999,0.6295614453315942
322,2050.828692227997,5.129240060501441,0.7999999999999999,0.630095264268047
323,1745.0647060487452,4.638059358161814,0.7999999999999999,0.6300554342869059
324,1675.453834175862,6.54014225911909,0.7999999999999999,0.7034459122481673
325,2123.813250305514,4.41828701298771,0.7999999999999999,0.7502931564387685
326,1821.9184655310814,6.69393279150005,0.7999999999999999,0.8209562812319972
327,1804.477228252104,4.867049913541716,0.7999999999999999,0.8180990065348224
328,1733.2582748415075,4.131275881648679,0.7999999999999999,0.7731594806998092
329,1879.2872763641512,5.0418425608817845,0.7999999999999999,0.7727289028118386
330,1802.77284105415,3.249272572691799,0.7999999999999999,0.6240429368252829
331,1446.4795313050627,8.261283803253855,0.7999999999999999,0.5291280644495232
332,1582.8252288159533,5.322087200198205,0.7999999999999999,0.5427163092880064
333,2206.806746085939,4.592931215311746,0.7999999999999999,0.5480040776475861
334,2047.596488710978,5.477479715453178,0.7999999999999999,0.5679273180514931
335,1294.341742143319,6.09061646542655,0.7999999999999999,0.5207496571408977
336,1525.753539099501,5.88698486410117,0.7999999999999999,0.5372561473295007
337,1788.2761038962387,4.828402515566309,0.7999999999999999,0.5326020255349155
338,1760.1631399549499,4.622092806929446,0.7999999999999999,0.7117041141368555
339,2077.9963764302197,5.08662736913049,0.7999999999999999,0.7844140639995647
340,1802.9479785137128,5.308334787798887,0.7999999999999999,0.7845784032664168
341,1703.4788052485599,6.25067735653685,0.7999999999999999,0.7643207755682865
342,1837.782403818745,4.947956424196437,0.7999999999999999,0.749302582165088
343,1719.4989775353756,6.126155798475168,0.7999999999999999,0.7456862825095013
344,1594.433222031581,3.878111894712012,0.7999999999999999,0.7230887536750477
345,1840.6173777776517,3.624322072569233,0.7999999999999999,0.6043501063502299
346,1299.149777597777,6.079319640584241,0.7999999999999999,0.5781439787179857
347,1489.6053824921094,7.109787827137883,0.7999999999999999,0.4757687435417521
348,1683.195116487078,3.819487794747367,0.7999999999999999,0.41468304398788614
349,1394.9334623986986,5.122707170943593,0.7999999999999999,0.43795960654558697
350,1721.7941703492902,5.708706937693299,0.7999999999999999,0.4336580080740671
351,1596.2603471900695,4.34646591026046,0.7999999999999999,0.4413865810415371
352,1723.8143951825668,6.967221027500435,0.7999999999999999,0.3855059576126351
353,1695.90076456012,4.62099398243462,0.7999999999999999,0.4398808688068105
354,1654.6901490583311,5.710902151671715,0.7999999999999999,0.4479811981851284
355,1602.920071828567,5.814156545416128,0.7999999999999999,0.5346512709924685
356,1543.1673865777123,6.200879349668489,0.7999999999999999,0.6132109086429106
357,2129.6181765922415,4.897298043152842,0.7999999999999999,0.6020307342149942
358,1949.737822419551,3.905801942490894,0.7999999999999999,0.516124600335329
359,1591.0544226738314,4.617349252840265,0.7999999999999999,0.5317935939115543
360,2011.2933595175364,4.770202706181613,0.7999999999999999,0.6597986885668049
361,1642.2581821931901,5.2192885609973665,0.7999999999999999,0.6720317539975758
362,1700.3288193099638,5.91867119028402,0.7999999999999999,0.656901918879559
363,1625.1512539218584,4.727381189005297,0.7999999999999999,0.6775484326572646
364,1518.4863423526676,7.383484246618777,0.7999999999999999,0.7020748648724338
365,1454.3608584268084,7.089368169195557,0.7999999999999999,0.6108733900122527
366,2002.096582430002,5.65451124534292,0.7999999999999999,0.7112358494734129
367,1717.8046284016586,5.506357868392981,0.7999999999999999,0.760724138388076
368,1877.6358778488961,4.296138499893551,0.7999999999999999,0.6997692624853333
369,1838.3936723508361,5.777450827496317,0.7999999999999999,0.7001943545972443
370,1596.4745913614956,5.802759530363463,0.7999999999999999,0.70489251256494
371,1964.3475973599811,6.367768048578983,0.7999999999999999,0.7215653735462879
372,1920.707638382811,5.908077961149904,0.7999999999999999,0.7247367540812073
373,1754.5062915948797,5.5558003069362805,0.7999999999999999,0.7640779456570287
374,1674.532613372989,5.780925560587858,0.7999999999999999,0.762215118123689
375,1874.977928088128,5.289712160702306,0.7999999999999999,0.7555763432443082
376,1839.2273073702822,7.059783648306301,0.7999999999999999,0.8785162457394189
377,1545.8021519128501,6.94186629118352,0.7999999999999999,0.7944625367541286
378,1630.7177985415137,5.700411641378444,0.7999999999999999,0.7902736604419917
379,1940.3256489392313,7.341971908575789,0.7999999999999999,0.6861945363688801
380,1642.069555069721,4.911360298605589,0.7999999999999999,0.6170172555300535
381,1635.138670505175,5.009367156258127,0.7999999999999999,0.5832716877872187
382,1770.522553099878,5.247955279082784,0.7999999999999999,0.566238176539451
383,1795.860911311734,5.212376818257619,0.7999999999999999,0.5624677061908523
384,1861.1061260651209,4.255338148871634,0.7999999999999999,0.5080491702346198
385,1584.0340664475966,4.284149973292901,0.7999999999999999,0.5451349778807492
386,1977.6158118283672,4.1217176199263035,0.7999999999999999,0.518831959717634
387,1619.2879542941241,4.24130077717887,0.7999999999999999,0.8328023528017697
388,1683.8775501280256,5.262656543517151,0.7999999999999999,0.8088656212134454
389,1521.5267698458347,6.478450623619384,0.7999999999999999,0.7913857449791553
390,1850.161302392387,4.853959257698427,0.7999999999999999,0.8128426647214724
391,1984.0463499304353,6.087147947254313,0.7999999999999999,0.6999409627939696
392,1555.5846972050365,7.351063976973698,0.7999999999999999,0.615518441978663
393,2009.262394412083,6.631043236400466,0.7999999999999999,0.5641463713674326
394,1580.0595969604815,5.28688138358475,0.7999999999999999,0.6399299972575094
395,1429.5475976128935,7.496932763548549,0.7999999999999999,0.588477608823494
396,1728.1690664968178,4.873886276957324,0.7999999999999999,0.5623551952806439
397,1619.6313833814977,3.720086507978587,0.7999999999999999,0.4408987123707771
398,1657.234472311475,3.277566364409882,0.7999999999999999,0.3498346717468159
399,1774.343556628462,4.373710204121081,0.7999999999999999,0.3432597579823364
400,1702.2201822589725,4.86497255282548,0.7999999999999999,0.3640642246970994
401,1584.8604076200147,4.151341125265739,0.7999999999999999,0.40835161936521747
402,1763.2171531829663,4.70744841451532,0.7999999999999999,0.4151717485606235
403,1657.846697578839,6.4277174944016435,0.7999999999999999,0.7081165761601093
404,1650.9397045528633,6.295478917074225,0.7999999999999999,0.6496469001568241
405,1726.7854835671874,5.614827925224457,0.7999999999999999,0.6408854810998468
406,1748.3027069886184,4.635676861334029,0.7999999999999999,0.7904830487379113
407,1666.560510502856,5.700343849394543,0.7999999999999999,0.7816922996139933
408,1698.154947615774,5.4810838704049125,0.7999999999999999,0.7763201034984425
409,1687.8389474627343,6.991739604930658,0.7999999999999999,0.8143099678359884
410,1811.6188549677554,4.588156603883501,0.7999999999999999,0.7997189122067742
411,1748.6394038035228,5.393605201863962,0.7999999999999999,0.799718841641662
412,1995.241547872892,4.481807591684968,0.7999999999999999,0.7502124847755556
413,1756.3224436592095,4.943509082989915,0.7999999999999999,0.756189839038426
414,1617.8945463935133,5.886263979556641,0.7999999999999999,0.7546949593310943
415,1700.9631367316224,4.999438100672862,0.7999999999999999,0.7610296382762065
416,1784.4962481115078,5.110015788453757,0.7999999999999999,0.7651132809618454
417,1718.3271835879036,5.838452817271775,0.7999999999999999,0.8077350359131373
418,1931.7487579960084,5.022823204211698,0.7999999999999999,0.8353656561611621
419,2057.8031959338373,5.432244257884217,0.7999999999999999,0.8340127869976321
420,1829.6454266197522,4.075438676034763,0.7999999999999999,0.8529479391066234
421,1841.396090777613,5.370652833796186,0.7999999999999999,0.8611075484516458
422,1536.5438380524583,3.3461605740315323,0.7999999999999999,0.8537435897528722
423,1776.1384843347196,5.000492101117861,0.7999999999999999,0.8537645114506481
424,1758.1687016647747,3.98315044135331,0.7999999999999999,0.7634325636498416
425,1658.7111627128074,5.514693678498573,0.7999999999999999,0.7994294025574574
426,1616.1008950505661,4.135850396488218,0.7999999999999999,0.7599753515018357
427,1861.1656513458554,5.235840221824578,0.7999999999999999,0.7752957022806868
428,1934.5166026475176,5.403147663039632,0.7999999999999999,0.7549164579815085
429,1644.4481105059854,6.13086126037976,0.7999999999999999,0.6758009831882548
430,2090.5153246686928,4.013165360639021,0.7999999999999999,0.6413324829135028
431,1760.3675065517327,4.356055145834968,0.7999999999999999,0.6278012151414781
432,1646.933949787323,4.8535359377962495,0.7999999999999999,0.6721163263956964
433,1848.465642486581,4.915281453707841,0.7999999999999999,0.6928457180071007
434,1575.5952820596103,4.619704080881534,0.7999999999999999,0.7252380330212779
435,2063.076220449084,4.299933517325724,0.7999999999999999,0.7114076427507979
436,2008.238662153953,4.458567489511389,0.7999999999999999,0.7318075289297633
437,2010.5136314235394,3.8875825822387657,0.7999999999999999,0.918392395844045
438,1990.3595138157339,6.313377622392824,0.7999999999999999,0.920353726456849
439,2054.425691734054,4.686068171987455,0.7999999999999999,0.9263149582827503
440,2087.5820827121875,4.447736288803632,0.7999999999999999,0.9306492422969139
441,1573.7406212499172,5.606000046229014,0.7999999999999999,0.9119843620630496
442,1713.1379444256534,5.877654558787796,0.7999999999999999,0.8580026427982967
443,1717.4740975004418,4.0283863486995175,0.7999999999999999,0.8329257340775175
444,1766.8342879110337,5.480905627086297,0.7999999999999999,0.7921549898382951
445,1938.280151374022,3.9168006415759717,0.7999999999999999,0.7645329680439745
446,1843.9452064562083,3.642931630067747,0.7999999999999999,0.7008350430331985
447,1873.5681796636288,4.49451112001563,0.7999999999999999,0.7011346856081799
448,1707.4093163678765,5.35257412314646,0.7999999999999999,0.6715240132621639
449,1888.847082960804,5.6905788111579865,0.7999999999999999,0.6298464630033895
450,1755.771090253339,3.7598362114687167,0.7999999999999999,0.618490219241869
451,2176.7329823995433,5.015409832224425,0.7999999999999999,0.6266777138123457
452,1632.9842584365513,4.5549300459886854,0.7999999999999999,0.6659600209904715
453,1812.849703985381,4.654511543657735,0.7999999999999999,0.6926645572231913
454,1702.699624914469,4.541403614406332,0.7999999999999999,0.7652499946177171
455,1995.0751767302113,6.001952563093485,0.7999999999999999,0.753234566766418
456,1763.3955776064383,4.315573977457183,0.7999999999999999,0.7587149391781863
457,1877.675408322308,5.426329271695169,0.7999999999999999,0.7921749369644727
458,2145.525330944697,4.241218768166612,0.7999999999999999,0.8513249500848035
459,1897.7751207121864,4.10738902933724,0.7999999999999999,0.8287016182777653
460,1746.5233723808958,5.039918387142902,0.7999999999999999,0.8187310592842164
461,2265.970578209937,4.061033936922954,0.7999999999999999,0.7888647187356688
462,1772.849936825812,4.168388457931463,0.7999999999999999,0.7743869959326672
463,1983.5037144554758,4.449698014422682,0.7999999999999999,0.8242854572212718
464,1753.8471657446805,3.9112775905321833,0.7999999999999999,0.8017417649261153
465,2209.4562831030485,4.418885758391843,0.7999999999999999,0.9039438071036374
466,1872.9952341081628,4.5744684189863785,0.7999999999999999,0.8980403319871435
467,1980.713145278403,4.475862003783128,0.7999999999999999,0.9034804843673491
468,1932.8066511100628,3.962197045887162,0.7999999999999999,0.945116197722663
469,1637.9017758048083,3.1589980609827593,0.7999999999999999,0.9195055395729388
470,1817.530716659011,3.3339542815266316,0.7999999999999999,0.853015705397212
471,1701.2717096713595,3.712048157335854,0.7999999999999999,0.855923471235139
472,1949.8983088534258,4.108115972000833,0.7999999999999999,0.8564927156006938
473,1873.6815679425245,5.399963411027695,0.7999999999999999,0.8640414283590135
474,1784.9796965957787,4.248604618387811,0.7999999999999999,0.8897024110965543
475,1643.0347635700268,3.1482135864626675,0.7999999999999999,0.8675658273794213
476,1869.929844971069,4.040306393259706,0.7999999999999999,0.8649150754297789
477,1903.7474669125886,4.297801029616433,0.7999999999999999,0.8493652606452499
478,1865.029145819268,5.329663652870009,0.7999999999999999,0.8186037599365573
479,1755.1081061950072,3.7335956233535987,0.7999999999999999,0.8199420489735443
480,2063.778960048672,4.862051183451032,0.7999999999999999,0.7785899703662476
481,1843.4258912164173,4.646375926357085,0.7999999999999999,0.7649670249075179
482,1887.62733290112,2.9134205261884003,0.7999999999999999,0.7421306287992571
483,1599.482364748184,3.1016186158046857,0.7999999999999999,0.7356019663064379
484,1465.081738412134,3.6642997458178925,0.7999999999999999,0.7219804123004978
485,1598.3671396400732,3.0663896183646657,0.7999999999999999,0.6708944260213255
486,1721.0954784140356,5.35585979526892,0.7999999999999999,0.6831660825975324
487,1814.056432202788,3.4701256880504006,0.7999999999999999,0.6736406431880463
488,1682.890495783458,2.7356568296534793,0.7999999999999999,0.681479618076374
489,1630.621127943007,4.776673840732991,0.7999999999999999,0.6656746806255756
490,2001.4311168604704,4.891648462483415,0.7999999999999999,0.5989110602621637
491,1754.7374060312723,4.475880588763853,0.7999999999999999,0.6122354612079441
492,2133.963639334666,4.545001280694877,0.7999999999999999,0.6065774932583254
493,1812.025850404804,3.992579087200101,0.7999999999999999,0.6643241129805855
494,1823.736973385111,3.21609744859609,0.7999999999999999,0.6821260952529878
495,1740.5694531727756,3.7657457597574986,0.7999999999999999,0.6997933739266678
496,1931.005956032066,3.9616806853070567,0.7999999999999999,0.8592433510158672
497,2366.506777254183,4.634759770050265,0.7999999999999999,0.8704982984114478
498,2084.3528794251306,4.099115555643489,0.7999999999999999,0.9133781288529064
499,1784.2655796543258,4.052394445777265,0.7999999999999999,0.9238258030869918
500,1757.7575786570264,3.8223466593331303,0.7999999999999999,0.9408030030855685
501,1606.5376701133957,4.127226484210087,0.7999999999999999,0.9401747784708984
502,1825.3119894132237,3.524429590360332,0.7999999999999999,0.9147323081627117
503,1852.8496990443539,3.9946294647853606,0.7999999999999999,0.9211244319915898
504,1509.2440089938564,3.690129043802537,0.7999999999999999,0.9106353992222441
505,1670.2167194760589,4.802689810924338,0.7999999999999999,0.949378027825745
506,2031.6973399996057,3.7879826857904226,0.7999999999999999,0.9505577636600987
507,1713.5758432965429,3.3866883835606476,0.7999999999999999,0.9290771087467207
508,1978.6649918655933,5.318148774356743,0.7999999999999999,0.8978291590043445
509,1851.444029600517,4.2063443926547395,0.7999999999999999,0.8936339380853564
510,1691.9730248219746,3.2156071377388034,0.7999999999999999,0.8627954458833696
511,1689.874702948355,3.7394868403592345,0.7999999999999999,0.8634717327576573
512,1676.3056396749573,4.162829387877343,0.7999999999999999,0.858212530571819
513,2093.6609786097524,4.201979912652615,0.7999999999999999,0.8617930698713973
514,1835.0295152148424,5.298806252377148,0.7999999999999999,0.8165092172850837
515,2065.788648727145,5.228843525159613,0.7999999999999999,0.7614057702089515
516,1488.373057360687,3.7608563585316346,0.7999999999999999,0.7516886972732236
517,1862.4963803354533,3.5414307733621215,0.7999999999999999,0.7303426536346881
518,2096.6866609842746,4.422380055783452,0.7999999999999999,0.7862419489081346
519,1709.13998097201,5.31057705490754,0.7999999999999999,0.7384116733104303
520,1709.523433654421,4.440421130014838,0.7999999999999999,0.7433329814786357
521,2011.9621690047102,4.463972882839793,0.7999999999999999,0.7481252767940479
522,1990.593207802775,3.845281067102222,0.7999999999999999,0.7291697154656799
523,1601.861204960955,3.266410833093554,0.7999999999999999,0.7274934037989206
524,1931.8513852699489,4.230591770341694,0.7999999999999999,0.7378982614788722
525,1531.7100281475518,4.13250016318793,0.7999999999999999,0.7706802893046432
526,1968.7064151285172,3.6134457500396224,0.7999999999999999,0.7478867716769316
527,2041.9322690346144,4.578712738332535,0.7999999999999999,0.8433844598538602
528,2110.2547043164413,4.03473798551676,0.7999999999999999,0.8574307148841572
529,1849.5383446010915,4.398835276579999,0.7999999999999999,0.8624252850631136
530,2183.8920533929436,3.8116841533647645,0.7999999999999999,0.8612899115954739
531,1880.6408364819995,4.743832866233281,0.7999999999999999,0.8883001975595508
532,1915.569573119463,5.290187502624971,0.7999999999999999,0.7946015893929282
533,2096.896018858286,4.84638448821795,0.7999999999999999,0.7813783637715238
534,2052.43535064929,3.7410442078541237,0.7999999999999999,0.7961720583266921
535,2397.739397070021,4.700713883585477,0.7999999999999999,0.7922969693652361
536,2147.647539321617,5.104826586718655,0.7999999999999999,0.7828432907487245
537,2286.3593318861745,4.206311420483818,0.7999999999999999,0.7751015414486299
538,1970.080128880631,4.898035936327471,0.7999999999999999,0.821565297829622
539,1762.1086554211888,3.4511165480062775,0.7999999999999999,0.7230515345081233
540,1976.0305025754228,3.5340387118199565,0.7999999999999999,0.7212301834613338
541,1670.5329789836878,4.739889915546141,0.7999999999999999,0.7280733186208183
542,1834.3465066890856,4.618677683492134,0.7999999999999999,0.7486417536073569
543,1677.1056683903357,3.611748986465519,0.7999999999999999,0.7218070542130491
544,2021.8718334176956,3.794721379613018,0.7999999999999999,0.7692882228518181
545,1888.6166507298801,3.5124039131224722,0.7999999999999999,0.7488909343402091
546,1942.8649867918857,4.614167227924745,0.7999999999999999,0.7801435339496487
547,1861.186493953269,5.711252206199048,0.7999999999999999,0.747081075897421
548,2148.269703799831,4.2389149310486,0.7999999999999999,0.7816931795894311
549,2162.969257246582,4.688397585174372,0.7999999999999999,0.7852529302632536
550,2228.896577209869,4.058935544774584,0.7999999999999999,0.7951579537078484
551,1597.130224532786,4.21483455437546,0.7999999999999999,0.8263510131067594
552,1831.4336492919006,4.477151898225686,0.7999999999999999,0.8469558965402841
553,1862.830821496957,4.041241971324832,0.7999999999999999,0.9087624753394203
554,1792.6852268641278,4.223088550980673,0.7999999999999999,0.9108516098678856
555,1683.430781870129,3.5941956571507743,0.7999999999999999,0.9465034644146092
556,2076.9958222495893,5.046279703112614,0.7999999999999999,0.9355952567675797
557,1972.353831128046,4.803876883845435,0.7999999999999999,0.9238839647371307
558,2104.7659880129263,4.619322865721175,0.7999999999999999,0.9214919294729864
559,1888.9867150204993,5.374914781778116,0.7999999999999999,0.8389241704205296
560,1824.6834043716558,4.888161530003885,0.7999999999999999,0.8276615094072829
561,1920.0306801490267,3.7327402785968853,0.7999999999999999,0.8442330905481263
562,1842.973014642147,4.8875892869646655,0.7999999999999999,0.8520949336706837
563,1896.136054957516,3.3759630227708755,0.7999999999999999,0.8771709937567154
564,1798.1998555945609,3.1662220589988617,0.7999999999999999,0.8107694804378992
565,1870.9310067979432,3.710004074845221,0.7999999999999999,0.766163914609651
566,2020.8280444452332,4.943791983366968,0.7999999999999999,0.7516761656001716
567,1469.8141543406878,4.576005172733594,0.7999999999999999,0.8171471225510613
568,2124.984059426734,4.113676625742709,0.7999999999999999,0.8380267647624732
569,1763.6356159480388,3.4506537600345464,0.7999999999999999,0.7863165037026206
570,2015.6520993576517,4.352447776412949,0.7999999999999999,0.826426252134616
571,2028.3384962312273,5.069740754339142,0.7999999999999999,0.7655824922079898
572,1860.9143019200822,4.198617942717191,0.7999999999999999,0.784286842411407
573,1949.1177054495276,3.6999422930435593,0.7999999999999999,0.7833653459681493
574,2139.383990891264,5.120577225763841,0.7999999999999999,0.7642991779913377
575,2001.8243626140113,3.3131139800372864,0.7999999999999999,0.7128305589113073
576,1833.810226871145,4.570183089495745,0.7999999999999999,0.7043187718618035
577,1891.3070210986164,4.423313148819737,0.7999999999999999,0.748645693748288
578,1900.4309581561658,4.960370923246766,0.7999999999999999,0.7259379383331704
579,1930.3733693494069,4.473510974997453,0.7999999999999999,0.7578719632842985
580,2096.6700770379634,3.837450920995168,0.7999999999999999,0.7424103077019669
581,1631.5985113387178,4.333816503354369,0.7999999999999999,0.7716938205973549
582,1984.762142667301,4.825610836338459,0.7999999999999999,0.7995618819167041
583,1989.4040337188721,4.431601078878744,0.7999999999999999,0.9092829406572034
584,2224.9021518796667,3.462553070485106,0.7999999999999999,0.8267672243815194
585,2292.3085117266933,5.032935978013197,0.7999999999999999,0.7921808205948433
586,1886.5914805707648,4.413049322965375,0.7999999999999999,0.8189159099749063
587,1941.0917829652483,4.001114150572833,0.7999999999999999,0.8122794105027522
588,1959.8915483637788,4.035994205763179,0.7999999999999999,0.8245111833455078
589,1880.1583055975661,3.9059251457622324,0.7999999999999999,0.8122978488189799
590,2218.312286149093,4.090448971942785,0.7999999999999999,0.8425337633052004
591,1964.2595116504099,4.730803502406137,0.7999999999999999,0.8423934245788741
592,1867.4576629046817,3.2962917089268546,0.7999999999999999,0.8716633933005525
593,1816.6363298126626,4.263559504114234,0.7999999999999999,0.9497805200334474
594,1779.0126294564554,4.805947264627812,0.7999999999999999,0.909450350280916
595,1865.075437944144,3.7929989322968574,0.7999999999999999,0.8988747593546965
596,1806.4410291187835,3.8115389049759294,0.7999999999999999,0.8901242423341389
597,1996.9354764203658,2.988839253178952,0.7999999999999999,0.7930292244197772
598,1995.4820707520641,3.2893016745512464,0.7999999999999999,0.7627354538817995
599,1881.3054762127135,4.805494653278257,0.7999999999999999,0.7264151890179485
600,1690.2666741546202,3.5886607681682747,0.7999999999999999,0.7214010064587305
601,2163.4650508794057,3.4611348095229073,0.7999999999999999,0.7207966318381451
602,2009.701410417948,4.276061433090379,0.7999999999999999,0.7768873671066119
603,2038.0579362576013,3.539807655702692,0.7999999999999999,0.7742402683221417
604,1860.0834979405636,4.227077654493491,0.7999999999999999,0.7575910432281254
605,2127.5211810946266,3.134437549853763,0.7999999999999999,0.7729268128301194
606,1871.7048134026204,3.462688645826726,0.7999999999999999,0.784093963093424
607,1886.3522221088726,4.659669665819053,0.7999999999999999,0.8055024099228028
608,1899.6033418678207,3.2789384442427845,0.7999999999999999,0.7887498781806482
609,2288.574361016496,4.9079192349357905,0.7999999999999999,0.7191711479169466
610,1618.671561102908,2.397648084213082,0.7999999999999999,0.6185683525049636
611,1901.8601862227167,3.9534001318521566,0.7999999999999999,0.6177887210664882
612,1988.879144129554,5.3045575672764125,0.7999999999999999,0.5337792185373518
613,1661.7796061632368,3.2208677916619486,0.7999999999999999,0.5382186495606109
614,2288.5704869166434,5.603866056576621,0.7999999999999999,0.47030201067305044
615,1743.9479442475445,3.2791252126238675,0.7999999999999999,0.46203903500006244
616,1804.5551341852756,4.151479759135632,0.7999999999999999,0.4780653561182858
617,1938.041542713771,4.510145008220649,0.7999999999999999,0.49286282479031074
618,1700.4156606106533,3.052461299871142,0.7999999999999999,0.5540372030569636
619,1955.2476599217935,3.4246928680229445,0.7999999999999999,0.5377956645708828
620,1817.1018559136592,4.5408623737384,0.7999999999999999,0.5926905484533858
621,1935.2210176698193,3.244194377990231,0.7999999999999999,0.5942142038071343
622,2243.4571832810607,4.8234628775568025,0.7999999999999999,0.6983821549885654
623,1974.3405141732521,4.781478664375794,0.7999999999999999,0.6878983322210305
624,2064.9436635079096,4.447872822332822,0.7999999999999999,0.6804395058408872
625,1807.7888556864787,4.3578980609937075,0.7999999999999999,0.6864913938510092
626,1680.7465920298405,2.953313345093067,0.7999999999999999,0.6741591409599811
627,1889.4520608817509,3.0932747950915265,0.7999999999999999,0.6455977579664961
628,1822.894021675873,4.1060059173939605,0.7999999999999999,0.6604457054260967
629,1759.9359369821757,4.715256442927676,0.7999999999999999,0.6748962793062533
630,1759.1526435981177,4.7381010823612115,0.7999999999999999,0.6810394558676544
631,1864.8230215941312,3.999870462729783,0.7999999999999999,0.7084140495049971
632,2035.4049639937639,3.395756509142295,0.7999999999999999,0.7000813602951783
633,1807.0921105498492,3.773049366082422,0.7999999999999999,0.7133780360257941
634,1773.827412508674,3.813362249155956,0.7999999999999999,0.774852873382584
635,1721.5530476173421,3.5000395309384067,0.7999999999999999,0.8189321982163742
636,1677.7859072777599,4.507361935210694,0.7999999999999999,0.8183779120662455
637,1781.1480275839378,2.5858556647426862,0.7999999999999999,0.8299918580737066
638,1869.4931172889892,2.758223676075104,0.7999999999999999,0.8481068399556263
639,2087.0298988182435,5.212445487755554,0.7999999999999999,0.8022115699312584
640,1795.1649128207264,4.7665585125999375,0.7999999999999999,0.7284159827784009
641,1870.6201481354096,3.1472289528427595,0.7999999999999999,0.7044073208491225
642,2225.002743240413,4.705875008223706,0.7999999999999999,0.6546348462639826
643,2203.2308311072775,5.105782306453836,0.7999999999999999,0.5964956763407725
644,1641.2687126422309,3.8938369509335273,0.7999999999999999,0.5964353360027919
645,1798.167202164139,3.7457862980564536,0.7999999999999999,0.6247599944033477
646,1961.7212546465798,4.8664130548219795,0.7999999999999999,0.7166452622933005
647,1816.6637385275576,4.687096140997067,0.7999999999999999,0.7098648591666933
648,1827.5435421872353,3.267603829359667,0.7999999999999999,0.6649274097346046
649,1805.0269583679124,3.6353857271076837,0.7999999999999999,0.712119034692117
650,1941.7638342579437,3.9223089671636795,0.7999999999999999,0.7247148740286095
651,1952.9318166965222,3.714607799287419,0.7999999999999999,0.7962899518222072
652,1560.6907704217842,3.672903037945927,0.7999999999999999,0.7903992704711437
653,1830.2424496789013,2.8060981690809457,0.7999999999999999,0.7569450861837141
654,1812.1520452270408,5.024217352831104,0.7999999999999999,0.8372423241196774
655,2063.028781506732,4.325890083829039,0.7999999999999999,0.8877673317224647
656,1846.779298072549,3.597490888686228,0.7999999999999999,0.9090127482099016
657,2052.484538984235,4.949654528080402,0.7999999999999999,0.8607686181405634
658,1701.167449907781,3.5623078000144646,0.7999999999999999,0.8526426808407263
659,1912.4394909370794,4.841455282381832,0.7999999999999999,0.7839535801992208
660,2011.1264561952278,3.464603503176717,0.7999999999999999,0.7712982823499517
661,2077.211800388516,4.464739091842307,0.7999999999999999,0.8090286945019127
662,1799.6157962534435,3.192009281426594,0.7999999999999999,0.7521827506276152
663,2252.863999801393,3.937514423759366,0.7999999999999999,0.7607976496842972
664,1907.5007423802012,3.507323656715285,0.7999999999999999,0.7556870860686091
665,1831.8157186297317,4.194531696875971,0.7999999999999999,0.7803112964965984
666,1955.1322058442404,3.736137849961573,0.7999999999999999,0.7871769154142021
667,1887.8289436216887,4.732719827176734,0.7999999999999999,0.8022248969789137
668,1724.0993586775933,3.7373320092081976,0.7999999999999999,0.8165063037252813
669,2184.9142885065858,4.168404592866149,0.7999999999999999,0.8366124728703759
670,2033.3257329511246,4.725599326140045,0.7999999999999999,0.8468782422168138
671,1988.117645351988,3.7673516922198202,0.7999999999999999,0.8399372348958416
672,1990.3517049126153,4.591190374545245,0.7999999999999999,0.8574341281844813
673,1852.0945135837178,3.7904218051729153,0.7999999999999999,0.8436277399202817
674,1978.744325951569,4.295894499171831,0.7999999999999999,0.8614364515010184
675,1970.0608916160347,4.007313570517387,0.7999999999999999,0.8876795087882197
676,2194.5642837802307,3.5631904922701594,0.7999999999999999,0.8717018347360294
677,2032.1149484410203,4.663711990359039,0.7999999999999999,0.8468894443324061
678,2178.9358498143083,4.192247997560998,0.7999999999999999,0.87829697322809
679,2083.27693626341,3.924944332247422,0.7999999999999999,0.886661236851611
680,1897.6816975834788,4.164767515587973,0.7999999999999999,0.9104138450957157
681,2179.2599404107714,3.828555247919121,0.7999999999999999,0.9125380916293433
682,1791.5078017006242,6.0296645209588,0.7999999999999999,0.8767886570944684
683,1886.897924440387,3.297096986756099,0.7999999999999999,0.820785003890404
684,2057.5068837075682,3.7588378753084157,0.7999999999999999,0.834089446716863
685,1777.8147115680654,3.679608003611475,0.7999999999999999,0.8628817664557303
686,2095.7894406031755,4.1970230527578805,0.7999999999999999,0.8626624686685109
687,2184.85717732034,3.6274812439391453,0.7999999999999999,0.8542588855558679
688,1710.2922695735967,2.8039149791470837,0.7999999999999999,0.818713244760929
689,1969.6641320633353,4.769869180254893,0.7999999999999999,0.7948180457764276
690,1954.078905573138,3.2972502570124806,0.7999999999999999,0.8578767033354393
691,1966.2057036454767,3.756330813391866,0.7999999999999999,0.8725333999345732
692,2170.852422602305,4.848938799422235,0.7999999999999999,0.778198934131902
693,1750.7578342230315,3.8404856966488317,0.7999999999999999,0.7809423110052859
694,1894.6237338508217,4.709712455814848,0.7999999999999999,0.7409672673973045
695,1799.753649894748,2.9871300442176554,0.7999999999999999,0.6918042439149434
696,1982.2751680851745,4.2122007739855585,0.7999999999999999,0.7271626059054979
697,1927.3338791683086,4.170661354235643,0.7999999999999999,0.7339990548349835
698,2379.854925122477,3.5882840432252343,0.7999999999999999,0.7563466104174503
699,1996.1283773242278,3.7367929745254216,0.7999999999999999,0.7556028685126497
700,1983.329689422543,4.078422022897986,0.7999999999999999,0.8149162209453644
701,1972.3277778511313,4.398247987799725,0.7999999999999999,0.7995574840591884
702,1471.0965339692257,3.055756474719414,0.7999999999999999,0.8330409389593554
703,1840.5715847719355,5.095063366450496,0.7999999999999999,0.8760163001604475
704,1926.2555714159732,4.40158424519537,0.7999999999999999,0.8660586869923304
705,1898.898603438857,3.9210765241873724,0.7999999999999999,0.8669934661711772
706,1849.7162882845225,4.016482248993275,0.7999999999999999,0.8862993086127074
707,2023.7636326382772,4.118524228310464,0.7999999999999999,0.898461508781114
708,1649.6948318124885,3.0333030300882933,0.7999999999999999,0.8853650234407294
709,1892.74732167391,3.5867403639700437,0.7999999999999999,0.881509255072513
710,2177.794123751843,4.16429735213035,0.7999999999999999,0.9164504357870313
711,1869.902647738018,4.970552652531724,0.7999999999999999,0.9320126830431784
712,2171.6404950271094,3.5202619869898215,0.7999999999999999,0.9276559807873064
713,2063.976534895672,4.305965860801716,0.7999999999999999,0.9145331962979425
714,1775.936886731516,4.962014246363359,0.7999999999999999,0.8329074223460827
715,2065.9973552199153,4.53260689647719,0.7999999999999999,0.8184636300128516
716,1649.2984628628021,4.181863663129315,0.7999999999999999,0.835678043038583
717,2113.874019321445,3.8779628572335745,0.7999999999999999,0.8613329293801073
718,2186.515537473532,4.914162143544581,0.7999999999999999,0.8276214207191454
719,1646.8489148583658,2.3756343240962896,0.7999999999999999,0.7954367116647827
720,1969.9312844816216,4.176037802193471,0.7999999999999999,0.8434927752214674
721,1809.5967679967112,4.117773678417374,0.7999999999999999,0.8400793431676056
722,1976.0885813309114,3.812346872920442,0.7999999999999999,0.873078993753095
723,2016.7435470597914,5.499299100331318,0.7999999999999999,0.8240025367694923
724,2045.5508288445178,3.9071634082797755,0.7999999999999999,0.8167948671802369
725,2156.004136988041,4.1767848099326,0.7999999999999999,0.8255899441009127
726,1986.5025822051628,3.5180697859562144,0.7999999999999999,0.8457528630912566
727,1986.1709415610476,3.236092688088388,0.7999999999999999,0.8046685668590587
728,1886.3095481669407,4.440757108467719,0.7999999999999999,0.7920815038632194
729,2023.4683830772447,3.7780007026297024,0.7999999999999999,0.789033713021854
730,1941.5672511496825,4.109195093467579,0.7999999999999999,0.7909717526099624
731,1954.4992617120215,3.5463938148787935,0.7999999999999999,0.878185319260781
732,2285.7566561811395,3.8012261431243357,0.7999999999999999,0.8786299643088816
733,1967.023984615665,4.74955597587148,0.7999999999999999,0.8168104798081722
734,2030.7250108590783,3.674845111510182,0.7999999999999999,0.8250180956167174
735,1744.5208958694782,3.920150781079098,0.7999999999999999,0.8719698793290817
736,1971.6692843639285,3.2425964075030067,0.7999999999999999,0.8528237547490065
737,1907.2828893141268,4.828255581071678,0.7999999999999999,0.7851793121970847
738,1941.0563722403851,3.9422825004019955,0.7999999999999999,0.7865230339241712
739,1890.7597363001844,4.979976775600433,0.7999999999999999,0.7424823769449252
740,1785.366819126047,3.766854811553563,0.7999999999999999,0.740798992723884
741,1822.098117144981,3.4706503533712136,0.7999999999999999,0.7500313201062241
742,1961.5269920536975,4.50550078957552,0.7999999999999999,0.7430806181979109
743,2096.3564930990888,3.588432961467197,0.7999999999999999,0.7292833681307284
744,2175.8265054804983,4.565529084752262,0.7999999999999999,0.7699913225577547
745,1671.55009946702,3.881105549051847,0.7999999999999999,0.8003343179694015
746,1897.3389062137749,3.540033116129921,0.7999999999999999,0.7801633682991969
747,1914.2615750379855,3.6462197512942893,0.7999999999999999,0.8605761472319732
748,1490.7241748224305,6.133375861087661,0.7999999999999999,0.8218677085753882
749,2140.1858228408087,3.5968800196185704,0.7999999999999999,0.8315542081669304
750,2036.306994511019,4.294911422777821,0.7999999999999999,0.8472281744453505
751,1875.5940134389602,4.427313667686034,0.7999999999999999,0.8485879647193711
752,1942.7312175684167,3.68540644667611,0.7999999999999999,0.866572887468193
753,2022.1601459049361,5.018878238838056,0.7999999999999999,0.7853509167360031
754,2002.8124878178269,4.0157784091851525,0.7999999999999999,0.8121568659500602
755,2028.7535420581753,4.071503805413269,0.7999999999999999,0.8358828166802462
756,1818.5367812909044,4.024267827945052,0.7999999999999999,0.8497894140582986
757,1875.9189409759376,4.794065231582998,0.7999999999999999,0.854400440481976
758,1970.9470565038578,4.843824255849012,0.7999999999999999,0.830680246533176
759,1970.9734750772163,3.89481459240698,0.7999999999999999,0.8157254517063062
760,1956.6059289568457,3.4000256449809925,0.7999999999999999,0.7823503261464811
761,1888.3787852416579,3.9098967331044308,0.7999999999999999,0.832130658123993
762,2065.0675102563373,4.702217332399347,0.7999999999999999,0.8093815992057036
763,1863.466893448925,4.180087415089537,0.7999999999999999,0.8109150634234435
764,1902.7845124950115,3.503644197863149,0.7999999999999999,0.7763247491533807
765,1834.867255616176,3.509543874637616,0.7999999999999999,0.7918238738374728
766,2051.5976378520804,4.000700872940134,0.7999999999999999,0.861088314922919
767,1964.8351351795527,3.414139788942173,0.7999999999999999,0.8433644756332411
768,2103.745272287452,3.101022843197626,0.7999999999999999,0.8146893171887515
769,1865.0327927578196,4.137295280637927,0.7999999999999999,0.8065005531229857
770,2008.4000320403795,4.234146476112326,0.7999999999999999,0.8617074141837374
771,1998.0160843335527,4.838710488525659,0.7999999999999999,0.7830303330410802
772,2062.8005889711876,3.3345987284552554,0.7999999999999999,0.7724801902304947
773,1684.1181375855285,5.206261498807399,0.7999999999999999,0.6769664137026556
774,1881.8025847027297,2.8878424121315924,0.7999999999999999,0.616629194802774
775,1870.778668095333,3.7094015015350403,0.7999999999999999,0.6266387705008302
776,2022.6429201543208,2.9161341798742515,0.7999999999999999,0.6105284507520056
777,1850.5631463122809,3.6500524031948913,0.7999999999999999,0.6112593219673216
778,1620.997407491327,3.0724132554619104,0.7999999999999999,0.5983783567135271
779,1734.4411209748591,5.0581065723296454,0.7999999999999999,0.6638212121675764
780,2031.2450931989154,4.705383757684426,0.7999999999999999,0.6490408806353584
781,1763.2679179006882,2.6928678901476517,0.7999999999999999,0.7747450536847119
782,1802.2680961699434,3.7635854634486012,0.7999999999999999,0.7913420232348356
783,1832.8698873047804,3.2784301679068526,0.7999999999999999,0.7924741237035381
784,1519.2470113874924,4.731860333566462,0.7999999999999999,0.7246248677972716
785,2053.5863545279776,4.955182626178481,0.7999999999999999,0.6420648159566319
786,1839.4911702028605,3.8384645835611138,0.7999999999999999,0.6781528169220218
787,1951.8779608331129,3.5282672904061294,0.7999999999999999,0.6701128531314928
788,1891.1787261297968,4.053787038808607,0.7999999999999999,0.6769810651080541
789,2005.065241173499,3.4224058894142164,0.7999999999999999,0.7556592798333723
790,1967.255188955054,3.800813829375048,0.7999999999999999,0.7565458549815123
791,1638.1191921345785,3.817134129974226,0.7999999999999999,0.7918042704447107
792,1927.5435557882754,3.5944037294850832,0.7999999999999999,0.8322296071650203
793,1660.7647649327325,3.5894998634090576,0.7999999999999999,0.9641013960821017
794,1601.5464871374838,6.0535673404937755,0.7999999999999999,0.9599222584735242
795,1918.0106762159617,4.404810690671451,0.7999999999999999,0.9570039678658084
796,1886.4597751723254,3.7773079135116596,0.7999999999999999,0.9667782678910325
797,2002.332861763549,3.5288143086429815,0.7999999999999999,0.973701524090291
798,2114.3273657237887,4.116363604144076,0.7999999999999999,0.9604122209039616
799,2080.755623686473,4.501169354152484,0.7999999999999999,0.9363999448166539
800,1964.3194514133306,3.384976564955689,0.7999999999999999,0.9204032432229322
801,1721.9727300346608,5.3144130788594035,0.7999999999999999,0.8907675230435373
802,2011.5050540151137,2.7633137819612563,0.7999999999999999,0.7839283621847409
803,1826.7197848205672,3.8716359240508607,0.7999999999999999,0.7875789354575142
804,1842.3057131639025,3.9289303300120886,0.7999999999999999,0.7860730975537916
805,1942.5450772048448,5.586235648475845,0.7999999999999999,0.7268764539350844
806,1613.1169951063,2.773397610361945,0.7999999999999999,0.6570110427531365
807,1643.8284542691333,3.4774782795420283,0.7999999999999999,0.6693250640604925
808,1956.7614160482608,4.307366554071431,0.7999999999999999,0.659812544260967
809,2108.1529602767946,4.1206918977018905,0.7999999999999999,0.6824520538010967
810,2027.9557612792614,3.6684774893947174,0.7999999999999999,0.7525625769218472
811,1899.3935219189661,4.352828026917707,0.7999999999999999,0.7387561100274567
812,1909.9237845981381,4.386113867420373,0.7999999999999999,0.7269056212065305
813,1992.3252285567537,3.528951399550966,0.7999999999999999,0.7803114841386668
814,1835.192405037769,3.224768834880354,0.7999999999999999,0.8439235270362831
815,2017.2820212522245,3.8540395716858202,0.7999999999999999,0.8604050837098886
816,1761.572843860182,3.2025352766077178,0.7999999999999999,0.8391850631664924
817,1816.3701517046245,3.8080886571850314,0.7999999999999999,0.8498657373998715
818,1873.7601406828169,3.2324058559989357,0.7999999999999999,0.8287104620131782
819,2017.6528145552206,3.927501851599487,0.7999999999999999,0.8643583456099231
820,2201.90616334437,3.9054950988042982,0.7999999999999999,0.9147369663125413
821,1869.4010957563528,3.0322503574825723,0.7999999999999999,0.8871436374370569
822,1728.3602812214783,2.9774423841198163,0.7999999999999999,0.8677786118285399
823,1611.8025384153043,4.068312237193165,0.7999999999999999,0.8497924061749556
824,1573.6151692478645,3.5471481907366758,0.7999999999999999,0.8602440535228396
825,1799.7184476393438,4.121349025380855,0.7999999999999999,0.8386162162841785
826,1877.6988925145972,4.151549500874639,0.7999999999999999,0.8333101364448082
827,1641.2547069300929,3.425324092493707,0.7999999999999999,0.8325626393404195
828,1984.7882473760144,3.7823264381747506,0.7999999999999999,0.836810294366187
829,1919.5618083527,4.701749780391988,0.7999999999999999,0.8393555072373108
830,2255.5242014099194,4.712424779525766,0.7999999999999999,0.8618865280541855
831,1792.2958806086767,2.774790588129559,0.7999999999999999,0.7522747330065339
832,1755.446898655505,3.2540554106301856,0.7999999999999999,0.7342811303217518
833,2009.466390832929,3.798041404698932,0.7999999999999999,0.7410122925687425
834,1870.4706026036165,5.457847561585521,0.7999999999999999,0.6040902376468219
835,1683.039052381358,2.9734352124693344,0.7999999999999999,0.5757188642906131
836,1931.128880619587,4.441012008278501,0.7999999999999999,0.5662034574934632
837,2056.683700405561,3.5794283667032265,0.7999999999999999,0.5702398889718455
838,1762.0016278716705,4.8412607766933755,0.7999999999999999,0.5610185926039342
839,1877.4707045015398,4.665660657666504,0.7999999999999999,0.6074009603225635
840,2111.686386613369,4.095338422373653,0.7999999999999999,0.6492200645080288
841,2039.9062103374,4.041459914791994,0.7999999999999999,0.6577163052390751
842,2031.9271936950536,4.97978263754056,0.7999999999999999,0.7130236263743905
843,2089.5932252423163,3.341040299003046,0.7999999999999999,0.8133230935730683
844,2242.802447172413,4.238115612808655,0.7999999999999999,0.815094187886214
845,2207.2239295881222,3.7613844330334083,0.7999999999999999,0.8341200677509615
846,1884.0206591062374,4.249176315823251,0.7999999999999999,0.8645711355486941
847,1860.7263728416688,3.015678164406927,0.7999999999999999,0.7862916456396929
848,2013.3962657199868,4.180806105049235,0.7999999999999999,0.784761838548637
849,1857.6397721107169,3.531321661322162,0.7999999999999999,0.7686746329323161
850,1841.0625764646215,3.6426067795904866,0.7999999999999999,0.8644469763895498
851,1850.028412748865,3.470769896795293,0.7999999999999999,0.8557339934788267
852,1949.6542533476804,3.599830774375988,0.7999999999999999,0.8794681765013939
853,1774.0881477524392,3.4043045932329914,0.7999999999999999,0.87423229130749
854,1756.2468055038132,4.91623699775269,0.7999999999999999,0.9150609859998973
855,1722.6852218241668,5.012389320593569,0.7999999999999999,0.9512674606494256
856,2070.3476660192237,4.026727534378352,0.7999999999999999,0.9786021156569239
857,1942.0478238426083,4.000350289306405,0.7999999999999999,0.9663395393131747
858,1823.6334749220032,4.536443497215886,0.7999999999999999,0.9451605812003476
859,2142.8290136979585,5.02351317153047,0.7999999999999999,0.936649388445745
860,2387.132848815619,5.498327154611812,0.7999999999999999,0.9239846226205326
861,1915.0460200104512,4.286906392120634,0.7999999999999999,0.9519208057207381
862,1889.4834364246376,3.4680911931523952,0.7999999999999999,0.9657400406477705
863,1783.5273335787617,4.396494526333004,0.7999999999999999,0.969440199382941
864,1988.3663661999706,4.300913106499493,0.7999999999999999,0.9789752699450209
865,2037.5710990583962,4.933498751473369,0.7999999999999999,0.9740875609397712
866,1777.8983644319326,3.0612698376322496,0.7999999999999999,0.961244503603647
867,2316.089469752771,4.405249148956606,0.7999999999999999,0.9589341948384617
868,1847.0931938139745,3.398330518482093,0.7999999999999999,0.9451864525603466
869,1967.7259933797313,4.173094669472282,0.7999999999999999,0.9457852449467755
870,1803.8912122320164,3.55541877546435,0.7999999999999999,0.9093431892996361
871,2184.4097926602885,4.173440096638725,0.7999999999999999,0.9163520796501053
872,1971.0321181168063,3.645963864654084,0.7999999999999999,0.9020307064665218
873,1793.6745761235195,3.8872624584836273,0.7999999999999999,0.9340442904381002
874,2240.073229667545,4.117778402944137,0.7999999999999999,0.931886610814803
875,2016.7235950117251,4.488240573653057,0.7999999999999999,0.9236426447035562
876,1743.2406803316348,4.9952501489121515,0.7999999999999999,0.8901465754374939
877,1822.7875915859765,4.685658717475938,0.7999999999999999,0.8594060674362884
878,1908.8900503874402,3.1038841162829125,0.7999999999999999,0.8775255365200693
879,1904.693195638411,4.015174649278843,0.7999999999999999,0.8754834544760545
880,1775.385969604973,3.213502181088557,0.7999999999999999,0.8214575960522685
881,1958.5988689096648,5.191473670047835,0.7999999999999999,0.7491587197838566
882,1865.7563200759441,3.7923368391549808,0.7999999999999999,0.7363597315642668
883,2274.709115737302,3.501390291212411,0.7999999999999999,0.7151324266104545
884,1990.6413631343726,3.1472023171623813,0.7999999999999999,0.693827634205048
885,1725.5833634509495,3.8457504792152837,0.7999999999999999,0.7375466578823872
886,1732.254748660687,4.877054676478297,0.7999999999999999,0.6763158919047088
887,1563.669221535107,3.614392578823217,0.7999999999999999,0.6713953226586362
888,1768.3356530484589,4.063491780522442,0.7999999999999999,0.7027274635510973
889,2041.5276271617422,3.7528681015474823,0.7999999999999999,0.8180893900172873
890,2215.2676337067633,3.8197005621867333,0.7999999999999999,0.8181809799560179
891,1951.1782596235864,4.412557411574819,0.7999999999999999,0.8073034609990413
892,1873.3560788858156,3.928777228852486,0.7999999999999999,0.8693545507755187
893,2091.380263005941,3.7279944348673335,0.7999999999999999,0.8639354107922308
894,1937.112239783244,3.6877966442942554,0.7999999999999999,0.9445180508066091
895,1931.1056513383505,4.769604685025905,0.7999999999999999,0.9265661663772641
896,1901.4753927743063,3.747509271104336,0.7999999999999999,0.9229291373950549
897,1865.1104054071402,4.556931415707395,0.7999999999999999,0.8955073166388005
898,2061.4963295681305,4.528657600059101,0.7999999999999999,0.8829271169512616
899,1787.527148222381,2.7398019431404452,0.7999999999999999,0.853962664147728
900,1910.4269572450585,4.20948818374762,0.7999999999999999,0.8515198306143449
901,1792.81314060282,4.310807564952322,0.7999999999999999,0.8574595074612563
902,1743.688054832306,3.085268490976681,0.7999999999999999,0.7875314186934945
903,1830.1224863921755,3.973616773278215,0.7999999999999999,0.8022003059618403
904,2040.0502153381303,2.8890354482797247,0.7999999999999999,0.7263913433963362
905,1831.3057928481485,4.776483927158922,0.7999999999999999,0.7044231164618843
906,1887.0499544494498,3.3611083766113947,0.7999999999999999,0.7221847801494186
907,2127.1968612082637,5.163639307990536,0.7999999999999999,0.6364014984886571
908,2067.9950945573532,3.3967628138102395,0.7999999999999999,0.6268962984393451
909,1897.7446777024354,3.79786037034205,0.7999999999999999,0.638016306380953
910,1959.9400742998612,3.254298372672612,0.7999999999999999,0.6493299686401157
911,1884.1886971376045,3.422307380664711,0.7999999999999999,0.6439026185105977
912,1791.112800789386,3.353435464074206,0.7999999999999999,0.6776132647088378
913,2038.6685951323377,4.269894953696791,0.7999999999999999,0.742956475038675
914,1753.352497663206,3.930197386330525,0.7999999999999999,0.7497394249887958
915,1889.3688717724353,3.387108621937101,0.7999999999999999,0.9446314000758702
916,1552.917356608671,2.2709374134495923,0.7999999999999999,0.9264783314088175
917,1779.7924388854888,3.1757315757059352,0.7999999999999999,0.9289130736884076
918,1717.7805982428704,3.382687656318906,0.7999999999999999,0.9322277512771722
919,1744.187886293873,3.2429478075063027,0.7999999999999999,0.928272418496834
920,1930.7973350564675,3.8321490191161534,0.7999999999999999,0.928625348035142
921,2098.013656397823,4.066001935882553,0.7999999999999999,0.9435648267377139
922,1917.8865042277494,3.72174202764163,0.7999999999999999,0.9640289887602501
923,2106.1505003814927,3.8695046491675584,0.7999999999999999,0.9403156666096281
924,2087.719097583062,3.4621521800615818,0.7999999999999999,0.9553189340812551
925,1853.6100110766047,3.615857032752672,0.7999999999999999,0.967387800760598
926,1561.3023076945335,4.504488138218452,0.7999999999999999,0.9575425865374063
927,1923.0733169797427,3.7250455149399344,0.7999999999999999,0.9750983539384315
928,1851.155356714724,3.7771107102427472,0.7999999999999999,0.9791097977479803
929,1962.0212982887779,4.487640607674506,0.7999999999999999,0.9737577738331634
930,1820.7930179754333,4.465865298702488,0.7999999999999999,0.9631613234580451
931,2132.5132853744576,4.923068235044443,0.7999999999999999,0.948934314499787
932,2164.8682805898893,4.384759429553711,0.7999999999999999,0.9456203858810289
933,2099.020509960024,3.5035630631500436,0.7999999999999999,0.9357244368774755
934,1791.295990874665,4.132818892859842,0.7999999999999999,0.9327752920902564
935,1895.9917033773625,2.9513525753826184,0.7999999999999999,0.9129124770103213
936,2106.656623918531,4.4080727336420935,0.7999999999999999,0.8989015188797619
937,1789.156301852906,3.3185052559547423,0.7999999999999999,0.8568210824940097
938,2063.3551729277333,3.9141252116784013,0.7999999999999999,0.8594350266039731
939,1996.553286117941,4.770112164114812,0.7999999999999999,0.8060832726426428
940,1943.9228857524258,3.637868322106046,0.7999999999999999,0.8147169760080258
941,1957.684546991601,4.215703273108519,0.7999999999999999,0.8241732363608152
942,1935.6580086088773,3.9042055555814503,0.7999999999999999,0.8261016199481146
943,1876.680912769778,3.6964386672663547,0.7999999999999999,0.8413859307527498
944,1903.1108469150422,3.4003507060696294,0.7999999999999999,0.8385535824102693
945,2068.535773096675,3.213736402495733,0.7999999999999999,0.8279250170468656
946,1736.2155657673159,3.713136272852283,0.7999999999999999,0.8273098159798425
947,1962.9796318594113,4.340799881116118,0.7999999999999999,0.9119762678511644
948,2064.944450666868,4.888960413236715,0.7999999999999999,0.8936745662430285
949,1616.3172695804587,4.714773621045452,0.7999999999999999,0.8350236830894244
950,1764.413602191688,4.519078904100352,0.7999999999999999,0.8033944115267841
951,1977.9464426315467,5.10150334742144,0.7999999999999999,0.7278477346769898
952,1893.843514189164,2.8061881805124274,0.7999999999999999,0.7575291898391
953,1883.8329087575949,3.3030654484754858,0.7999999999999999,0.7694456524874277
954,1894.8692234419852,3.0487300103032933,0.7999999999999999,0.7015708930040209
955,2010.955375746611,4.111912393043559,0.7999999999999999,0.7015867319118884
956,1731.9456321290816,3.511939929506655,0.7999999999999999,0.6851780385522862
957,2051.952816237628,4.324484672056028,0.7999999999999999,0.7103879569718373
958,2002.2973985068688,4.115115812898054,0.7999999999999999,0.7301858650976013
959,2127.6144406685007,4.7077859852399575,0.7999999999999999,0.7876645015205428
960,2085.5158032627696,3.871477318274701,0.7999999999999999,0.7880993422125205
961,2051.8017920039933,4.911702149303417,0.7999999999999999,0.7563302498001343
962,2090.2277413447114,5.257638250088504,0.7999999999999999,0.7758595115140604
963,2062.62368688854,4.073461946597273,0.7999999999999999,0.7743786166996409
964,1921.6268192389866,4.771699311477116,0.7999999999999999,0.8319218658468666
965,2101.8328462145773,3.72811219943854,0.7999999999999999,0.7888138402530792
966,2055.7881459549744,4.297264555105298,0.7999999999999999,0.7955238901751797
967,1926.1746618100735,3.637988094553672,0.7999999999999999,0.761090256802437
968,1937.2482407322182,3.1341148519635005,0.7999999999999999,0.6869039676065036
969,1880.4619026171154,4.396749487317847,0.7999999999999999,0.7160250106493541
970,2222.124790114952,4.465970011482267,0.7999999999999999,0.8010710364412568
971,1796.0174773680674,4.784119750692706,0.7999999999999999,0.7660514225174866
972,2196.7526636240805,3.588309899918734,0.7999999999999999,0.7841725321448427
973,2085.8068191935467,3.936817433902357,0.7999999999999999,0.7901423091325446
974,1866.6150019599895,3.4787438781300675,0.7999999999999999,0.7786844950764783
975,1706.178430351404,3.4984011383904026,0.7999999999999999,0.7713290305669658
976,2036.1613529886317,3.6186966375037066,0.7999999999999999,0.8142638460907378
977,1616.1253220106173,3.2584946454580734,0.7999999999999999,0.8008634163887484
978,1885.8437245541268,4.403999964794131,0.7999999999999999,0.8345104945627648
979,1903.468367055623,2.7535003911290734,0.7999999999999999,0.9224839000735879
980,1870.2060736895396,4.14843759235826,0.7999999999999999,0.8907905634189406
981,1954.2354547080122,2.858297218341922,0.7999999999999999,0.8572320307918088
982,1780.614582072427,3.396512161587595,0.7999999999999999,0.8564717365296696
983,1834.884960962917,3.1488650503420206,0.7999999999999999,0.8477551947539055
984,1596.0672576921456,2.5358651896470863,0.7999999999999999,0.7941354672267372
985,1831.3824338445302,3.926555754530286,0.7999999999999999,0.7689489054957732
986,2190.126621741959,5.920230476182469,0.7999999999999999,0.7574181652501412
987,1766.7573977308166,3.3613715639540036,0.7999999999999999,0.765456726104242
988,2114.1903052371595,4.357166319281423,0.7999999999999999,0.7416791717070673
989,2060.618108383568,4.118767545822693,0.7999999999999999,0.751066462071576
990,1897.3466593205667,3.354104899112489,0.7999999999999999,0.7496170182952817
991,1845.2934708494236,3.4393816349749247,0.7999999999999999,0.7637346390736425
992,1796.1071476239388,3.6949311835084546,0.7999999999999999,0.8826655509387951
993,1785.461827616049,3.083326111540033,0.7999999999999999,0.8450770016054947
994,1901.252169274743,4.832133469177722,0.7999999999999999,0.8351717424007564
995,1796.325881055473,3.968015865895515,0.7999999999999999,0.8436233305689719
996,2078.976190292072,4.917269054881157,0.7999999999999999,0.8290483896128391
997,1792.480792587849,3.8573727971847465,0.7999999999999999,0.8384167334482608
998,2176.7739190664247,4.4249468468679325,0.7999999999999999,0.8278052198315248
999,2109.442536179221,4.043025692311848,0.7999999999999999,0.8485684607476774
1000,1863.3883812146971,3.4006946471608335,0.7999999999999999,0.827464419780125
