episode,reward,makespan,load_balance,stability,meta_critic_loss,meta_actor_loss,td_error,fpga_critic_loss,fpga_actor_loss,fog_gpu_critic_loss,fog_gpu_actor_loss,cloud_critic_loss,cloud_actor_loss
1,1085.6196761687434,1.971368331078202,1.955599852479123,1.0,1.1635453701019287,-0.09398168325424194,0.47766842444737756,0.5139321088790894,-0.7808408737182617,0.5569899082183838,1.0124996900558472,1.170462965965271,1.2279791831970215
2,894.8960280914213,2.023562590174081,1.91627854989786,1.0,1.2043349742889404,0.11502230167388916,0.4665798842906952,0.4956504702568054,-0.16614748537540436,0.6771432161331177,1.0497379302978516,0.8131600022315979,0.8831024169921875
3,952.817658804417,1.8888003614229014,1.943528886994227,1.0,1.367346167564392,0.39773136377334595,0.5228007038434347,0.5405175685882568,-0.6810880303382874,0.6634578704833984,1.18035089969635,0.9675945043563843,1.5914393663406372
4,914.1837754519354,2.123399149072657,1.9368501506952385,1.0,1.1892645359039307,0.5069764256477356,0.4594271332025528,0.5069900155067444,-0.2918621301651001,0.5607811808586121,0.5728354454040527,0.8775607943534851,0.9871095418930054
5,839.0372172477406,1.8805232064734507,1.9465226762936159,1.0,1.005462408065796,0.04160386323928833,0.42456608513991034,0.5402246713638306,-0.8632583618164062,0.7651742100715637,0.8988893032073975,0.7730069160461426,1.0004969835281372
6,976.5562945607358,2.1946427787833938,1.9138175254739007,1.0,1.0285251140594482,0.48037654161453247,0.4376690437396368,0.4856870174407959,-0.5734876394271851,0.8353349566459656,0.9980977773666382,0.8454312086105347,1.4090770483016968
7,988.440948617774,1.9479816551513653,1.913326483808975,1.0,1.0915353298187256,0.4773673415184021,0.42671511570612586,0.5591015219688416,-0.543927788734436,0.5802748203277588,0.8585323691368103,0.7065990567207336,1.413451075553894
8,919.6734726430387,1.7709170687310491,1.9311452321120675,1.0,1.264617919921875,0.09915730357170105,0.49861482779184974,0.512445330619812,-0.7132357954978943,0.6107221841812134,0.6024556159973145,1.0663566589355469,1.424307942390442
9,972.5007225026084,2.076317761128347,1.9334044130265653,0.9951330288492547,1.2101460695266724,0.2808249890804291,0.47694388031959534,0.450575590133667,-0.3667259216308594,0.7148604393005371,1.0870391130447388,0.9274523258209229,1.147287368774414
10,966.1208784552718,2.111787034782037,1.9438695045085543,0.9946365326672533,1.1149334907531738,0.16400688886642456,0.4370278169711431,0.5350146889686584,-0.5204861164093018,0.5663175582885742,0.4184148907661438,0.7982010841369629,1.6708669662475586
11,949.6952095282396,1.5923136040146535,1.938856485718021,0.985375664103449,1.3229471445083618,0.5397743582725525,0.531920500099659,0.47978898882865906,-0.7861511707305908,0.7251195907592773,1.0638551712036133,1.2092959880828857,1.6055190563201904
12,935.0260987017972,2.2441524117771663,1.904912918635875,0.9863578686559901,1.0564504861831665,0.3602350354194641,0.4648588945468267,0.4863135814666748,-0.5024276375770569,0.8164593577384949,0.7228051424026489,1.106182336807251,1.4951518774032593
13,1003.6898839128098,2.2394277687678943,1.9228540431142538,0.985822331207189,1.1997241973876953,0.14107516407966614,0.4668839226166407,0.5182167291641235,-0.251178503036499,0.7755616307258606,0.5767870545387268,0.7096561193466187,1.3177037239074707
14,825.505062668892,1.371289533923439,1.961144214269251,0.9750333620294515,1.3596858978271484,0.3867607116699219,0.5043539802233378,0.4823896288871765,-0.30721521377563477,0.6497196555137634,0.6041232347488403,0.8410807847976685,1.3606101274490356
15,722.9391529585688,1.4014285634531198,1.943933115335813,0.9644833683202841,1.0394043922424316,0.14904704689979553,0.4342856456836065,0.45732569694519043,-0.3922867774963379,0.8288086652755737,0.42304927110671997,0.8070802092552185,1.3592129945755005
16,1025.1802967209046,2.1604070853650827,1.961679903727329,0.9471330729500643,1.1610832214355469,0.059400394558906555,0.4573695411284765,0.530575156211853,-0.8499574661254883,0.6214311718940735,0.9460744857788086,0.8531785011291504,1.6889410018920898
17,880.2676373927183,1.7840779010151733,1.9549255754058612,0.9291020797875648,1.2922543287277222,0.21927645802497864,0.51109961917003,0.4934997856616974,-0.7568652629852295,0.6930687427520752,0.12571774423122406,1.0698639154434204,1.195847511291504
18,875.6909418525902,2.169001350677643,1.9548723647617325,0.9232690784481218,1.210580825805664,-0.11407014727592468,0.5006634443998337,0.5169907808303833,-0.6557587385177612,0.7372871041297913,0.7590314745903015,1.1219409704208374,1.3910984992980957
19,1046.9485974612926,1.793430219397159,1.9498765970760443,0.9312299362961949,1.216079831123352,0.09404262900352478,0.47044856349627173,0.5084313750267029,-0.35019510984420776,0.6863611340522766,0.8886125087738037,0.8023507595062256,1.9268943071365356
20,960.236282434498,1.9611750604662905,1.9268443467608654,0.9395059066265012,0.9240560531616211,0.5627056956291199,0.41952151556809747,0.476509153842926,-0.8208041191101074,0.8573082685470581,0.9152798652648926,0.9282726049423218,1.7541906833648682
21,914.82916678633,2.065386099874208,1.9248739215962993,0.9500657517554301,1.2635345458984375,0.499668687582016,0.5280948728322983,0.4783584475517273,-0.3897091746330261,0.8293074369430542,0.21753238141536713,1.2388689517974854,1.4174273014068604
22,916.295898904286,2.0769677984747643,1.9415780062994783,0.9590217983177449,1.192065715789795,0.0687762200832367,0.46173395713170373,0.521224856376648,-0.5353278517723083,0.733230471611023,0.8407080769538879,0.7101550102233887,1.5215373039245605
23,843.1603618340669,1.5391280232161482,1.941817436350509,0.9683578831589328,1.1752277612686157,0.2188735157251358,0.47591894368330634,0.46769917011260986,-0.39360135793685913,0.7843319177627563,1.0358095169067383,0.9333129525184631,1.8174551725387573
24,930.2150237970831,1.825834673563387,1.953438536066197,0.9699041360693619,1.1023367643356323,0.022889822721481323,0.4389921948313713,0.4720756709575653,-0.662459135055542,0.7228182554244995,1.0528314113616943,0.7660021185874939,2.258404016494751
25,952.3592229105773,2.2471676273308288,1.9573043543739888,0.966971459698518,1.1181316375732422,0.27436569333076477,0.44870947301387787,0.4884544014930725,-0.6450626850128174,0.7609732151031494,0.6375747919082642,0.7806911468505859,1.1173369884490967
26,978.8883866082344,2.2576502875929823,1.9487948974847908,0.9578159593824747,1.0600006580352783,0.28493940830230713,0.4500399554769198,0.46751317381858826,-0.8040688037872314,0.7928124666213989,0.45439469814300537,0.9601518511772156,2.122986078262329
27,1001.8051037964652,2.429930969014913,1.9112119833624153,0.9140393443103676,1.1345711946487427,0.15250258147716522,0.47848468025525415,0.5643361210823059,-0.8974106907844543,0.8485140800476074,0.010356858372688293,0.925252377986908,1.5707570314407349
28,881.02468142622,1.5514865438350423,1.9141561707914982,0.9012291853443644,1.114769458770752,0.026949644088745117,0.48321080704530084,0.48193472623825073,-0.3097679018974304,0.8259425163269043,0.8861756324768066,1.1463440656661987,1.0453035831451416
29,804.5214510797342,1.184356394135642,1.959691085437001,0.8758286974250056,1.1403546333312988,-0.1632806360721588,0.4592684259017309,0.490251362323761,-0.21070432662963867,0.935951828956604,1.2443910837173462,0.6639540195465088,0.9580633640289307
30,943.5869988012779,1.4921384672205253,1.9348770519819747,0.8400420961778328,1.038862943649292,0.7990150451660156,0.4366817275683085,0.45753079652786255,-0.459602952003479,0.6765961050987244,1.0130343437194824,0.9894649982452393,1.1670886278152466
31,811.5608099640981,1.8368947522795815,1.9547019901082987,0.8079388716094332,1.2653653621673584,-0.1802048683166504,0.5052277172605196,0.479657918214798,-0.6063365340232849,0.670697808265686,1.1247254610061646,1.1162807941436768,1.981109619140625
32,960.3957257866599,2.3134616610081444,1.93383715675795,0.8089365454148154,1.196365237236023,-0.038460999727249146,0.4790174414714178,0.4692280888557434,-0.9426663517951965,0.789042592048645,1.0748624801635742,0.9008429050445557,1.5373605489730835
33,917.4867137824647,1.8702001430063335,1.9518766623553052,0.8324691263966576,1.4898369312286377,0.08088506758213043,0.5661232868830363,0.515607476234436,-0.14607253670692444,1.0065239667892456,0.6744387745857239,0.8018372058868408,1.2723878622055054
34,757.0993076067235,2.0960543874734516,1.946757689672218,0.8407804122941775,1.0905892848968506,-0.35815295577049255,0.43738818168640137,0.5032200217247009,-0.8005387187004089,0.7676714658737183,0.822616457939148,0.7059988379478455,2.2114648818969727
35,892.6179646325386,2.263532571527898,1.9296992805302386,0.8377177247646324,1.2045342922210693,0.15858151018619537,0.4404551088809967,0.4806150197982788,-0.5138449668884277,0.549591064453125,0.813186764717102,0.6416523456573486,0.8491193056106567
36,826.1884010658074,1.9835979507058898,1.9477353535376274,0.8586948769287386,1.2209173440933228,0.17298467457294464,0.4816501090923945,0.5359553694725037,-0.2356436550617218,0.7538427114486694,0.06255948543548584,0.8272511959075928,1.7565261125564575
37,837.8530727462385,1.6013842940352305,1.949918771467866,0.928355285454253,1.1135003566741943,0.13170237839221954,0.4792727380990982,0.4877607226371765,-0.1875729262828827,0.8729739189147949,0.6938451528549194,1.050037145614624,0.946868896484375
38,831.6710764953306,1.864629901351918,1.9388356982304338,0.9476357767641647,1.066415786743164,-0.18726804852485657,0.4453493307034174,0.47592657804489136,-0.3738735020160675,0.7335537672042847,0.964620053768158,0.9354642629623413,1.8694031238555908
39,862.211793506015,1.7735277313627054,1.9294653063344758,0.9355969794064274,0.932961642742157,0.4348863661289215,0.416927695274353,0.4871710538864136,-0.64481121301651,0.7803081274032593,0.5473549365997314,0.9367682337760925,1.238808035850525
40,799.3257288416648,2.0319230231576824,1.935061535037196,0.9248363906630541,1.145359992980957,-0.16639623045921326,0.4670368110140165,0.4686623513698578,-0.7883082628250122,0.947228193283081,0.6933944225311279,0.7524712085723877,1.1794296503067017
41,917.7399849591073,1.7570228478386178,1.947644872304249,0.9319463763568784,1.0443127155303955,-0.11637696623802185,0.42088033755620324,0.4839528799057007,-0.7611497044563293,0.5868862867355347,0.27224454283714294,0.8467867374420166,1.4144814014434814
42,924.3927031539009,1.9416654294092404,1.9520033008097954,0.9474167278862249,1.14181649684906,0.39500707387924194,0.47003121177355445,0.48433077335357666,-0.3957970142364502,0.7303563356399536,0.3595542907714844,1.0002379417419434,1.4669065475463867
43,828.0551616714813,1.6990836557255884,1.9475278424994158,0.9588328583214633,1.013198971748352,0.1602289378643036,0.42399134238561,0.4445345997810364,-0.5526161193847656,0.843656599521637,0.8506131768226624,0.7601079940795898,1.4075734615325928
44,901.7847929541676,1.6090439201713336,1.9511814378973174,0.9599600006581045,1.2097690105438232,0.07173965871334076,0.49715388317902887,0.4704412817955017,-0.5219820737838745,0.9118105173110962,0.8282511234283447,0.9542877674102783,1.6291327476501465
45,932.6126925132598,2.423686535449184,1.9281893794004057,0.9594076450363543,0.9641900062561035,-0.00011557340621948242,0.4206266154845556,0.49917489290237427,-0.5540937781333923,0.728778600692749,0.9260454773902893,0.9269958734512329,1.3441596031188965
46,889.8752388399873,1.8470278532190452,1.9517217895225842,0.9570110089771761,1.4022743701934814,0.0646420568227768,0.5415618071953455,0.4849727749824524,-0.7843852639198303,0.8176635503768921,0.709001898765564,0.9892822504043579,1.469179391860962
47,1032.0845925167932,2.0157631871927557,1.938143065857764,0.946340645043532,1.0328071117401123,0.1377643346786499,0.4222113986810049,0.475786030292511,-0.3762091100215912,0.6567488312721252,0.6777714490890503,0.835580587387085,1.5557475090026855
48,1022.156075915362,1.761444070497929,1.9200803705827694,0.9383461496370524,1.0713478326797485,0.2372552901506424,0.44961184759934747,0.46022021770477295,-0.5878419876098633,0.6497524380683899,0.5769055485725403,1.0713260173797607,1.069029688835144
49,859.2735440386613,2.125608797490979,1.9298498037728757,0.9388148853320272,1.0391039848327637,-0.20200973749160767,0.41536957025527954,0.4778100252151489,-0.8039578795433044,0.6049189567565918,1.071232557296753,0.7843939065933228,1.5032806396484375
50,919.6362833805701,1.6524367100631088,1.9277417760187998,0.9455130851222753,1.6329108476638794,-0.40159255266189575,0.5776792168617249,0.5110900402069092,-0.7695910334587097,0.6889716386795044,0.46710675954818726,0.8333563804626465,1.5372881889343262
51,925.9289164362093,1.7556009169458464,1.9471074886017423,0.9487300186393297,1.042157769203186,0.13152122497558594,0.4418157090743383,0.5068443417549133,-0.644216775894165,0.717035174369812,1.1701658964157104,0.9514356851577759,1.1674375534057617
52,944.5873194387241,1.9225027058719404,1.927307131719904,0.9504031364652457,1.1105114221572876,0.08150994777679443,0.4614889522393545,0.48670661449432373,-0.25537359714508057,0.8574187755584717,0.3779534697532654,0.8622077703475952,1.4770970344543457
53,866.2686002304251,2.001663972239143,1.9304584983269422,0.9537844085180216,1.3828599452972412,0.26904910802841187,0.5239740063746771,0.5160537362098694,-0.5292006731033325,0.6792051792144775,0.739349901676178,0.9438493251800537,1.2140065431594849
54,960.0358731877841,1.7315641862524898,1.9312995140944427,0.9608774477685939,1.2068657875061035,0.18373091518878937,0.5030003090699514,0.5030860900878906,-0.7742860317230225,1.186807632446289,0.7177063226699829,0.7255126237869263,1.2441904544830322
55,1015.0064052098832,2.194152437012567,1.9091647454327643,0.9604877524613976,0.9740844964981079,0.300231397151947,0.41962816317876184,0.5016404986381531,-0.5909969806671143,0.8945956826210022,0.5398247838020325,0.7170482873916626,1.8565503358840942
56,993.9334116196706,2.068984027269452,1.878209612865495,0.9584384293917617,1.1626819372177124,0.13351182639598846,0.47115334371725714,0.458415687084198,-0.4409804940223694,0.6467956304550171,0.9421289563179016,1.0605829954147339,1.573545217514038
57,957.212204419981,1.5299765420880274,1.9164938557520443,0.9581775159654388,1.1880351305007935,-0.22853180766105652,0.45517369359731674,0.4912419617176056,-0.7744773626327515,0.6692272424697876,0.6089257001876831,0.7375097274780273,1.5572923421859741
58,934.3418115169809,1.8302567666789227,1.9125977948477824,0.9578819349018887,0.9995372295379639,0.189798966050148,0.42594875395298004,0.42747044563293457,-0.54904705286026,0.9195266366004944,0.3974536061286926,0.7657762765884399,1.0304315090179443
59,874.081761725891,1.85524730494878,1.9018783053680366,0.9542068150171051,1.2837600708007812,0.4515100419521332,0.5068397869666418,0.6075655221939087,-0.45904624462127686,0.756896436214447,0.16587160527706146,0.8663352727890015,1.0897891521453857
60,1021.287503034887,2.202498606707716,1.9234694084188275,0.9470936803704625,0.991879940032959,-0.20294877886772156,0.41618191699186957,0.46825993061065674,-0.5564100742340088,0.6943725943565369,0.7028265595436096,0.8559106588363647,1.4148896932601929
61,903.7767644437164,1.6075398065395585,1.9243872051956723,0.9451041525928247,1.1419415473937988,0.49950069189071655,0.434815930823485,0.46713849902153015,-0.6131092309951782,0.6503810882568359,0.4084497094154358,0.6744469404220581,1.630163550376892
62,676.872123912106,1.810242674998446,1.8839047270246587,0.9490771754369763,1.0663745403289795,0.7436225414276123,0.4262587527434031,0.508517861366272,-0.7433714866638184,0.6892815828323364,0.9227972030639648,0.7181819677352905,2.0606932640075684
63,1037.4993221552065,1.862933905781422,1.921024739924653,0.9514955784101081,1.1775472164154053,0.5174087285995483,0.4541774416963259,0.42171141505241394,-0.4139443635940552,0.5897769927978516,1.185233235359192,0.9059992432594299,1.9357852935791016
64,796.0936717384437,1.967279067556303,1.886786953415445,0.9538264180698278,1.116562843322754,0.3173511326313019,0.4530907620986303,0.4631599187850952,-0.5483225584030151,0.8172927498817444,0.7750338912010193,0.8069479465484619,0.2698158025741577
65,873.957605149609,1.870783818246682,1.9322963323168063,0.956780313858448,1.3673624992370605,-0.056455761194229126,0.513731837272644,0.4860419034957886,-0.358070433139801,0.7474700212478638,0.8332163095474243,0.8291826248168945,0.6162260174751282
66,934.5077166820485,1.6837355803900447,1.9100515544979677,0.9611289358475391,1.1442055702209473,-0.15288999676704407,0.4700076853235563,0.4657573997974396,-0.10359916090965271,0.7603349089622498,0.6794017553329468,0.981383204460144,1.159674048423767
67,889.1278105595927,2.049363688841135,1.9098436511919707,0.9628718845899182,1.2310516834259033,0.2557365894317627,0.4952377378940582,0.5099820494651794,-0.9576684236526489,0.6463236212730408,0.5276622176170349,1.0933921337127686,1.8991234302520752
68,942.9340877184079,2.288206432278221,1.8950114823461544,0.9622138684496716,1.3306442499160767,-0.19464942812919617,0.5160603821277618,0.5113908052444458,-0.7207413911819458,0.6332927942276001,0.9383922219276428,1.0561082363128662,1.2115802764892578
69,923.1119344316202,1.8525912764803192,1.9255782779390993,0.9576250206092131,1.01111900806427,0.27662190794944763,0.45236752927303314,0.5266760587692261,-0.5885748267173767,0.7128807902336121,0.3566095232963562,1.1554964780807495,1.352447748184204
70,913.1900247645301,1.7756952217997732,1.9231599553757281,0.953221481438842,1.1958377361297607,0.28413137793540955,0.4882190326849619,0.5172051191329956,-0.7141002416610718,0.7392333745956421,0.012333840131759644,1.0146766901016235,1.059269905090332
71,822.7872217017605,1.6316790010428812,1.9250379644988416,0.9450262539619192,1.0774558782577515,0.11098705232143402,0.44055895507335663,0.5015050172805786,-0.6007100343704224,0.6762187480926514,0.3337970972061157,0.8766160607337952,1.0197087526321411
72,861.4295587782611,1.71504683824027,1.8974854073792493,0.9330872069960002,1.1858340501785278,0.258172869682312,0.4654217561086019,0.5488269329071045,-0.7433257102966309,0.7296107411384583,0.9638227224349976,0.7491212487220764,2.1701228618621826
73,1025.4302943263444,2.231204943836723,1.8739136539043368,0.9237277489205548,1.0347654819488525,0.13315053284168243,0.4258980080485344,0.47347381711006165,-0.779888391494751,0.715107262134552,0.4549714922904968,0.8178985714912415,1.7942285537719727
74,776.8777984668386,2.0114411277229607,1.9145958674877672,0.9232985187576819,1.1217525005340576,0.29331329464912415,0.47817804416020715,0.4706094264984131,-0.03634266555309296,0.8812565803527832,0.9573405981063843,1.0210130214691162,2.056086540222168
75,916.7307457340221,1.9780842837086168,1.8943842166993472,0.9245497030793796,1.0888707637786865,0.32050037384033203,0.4287246515353521,0.47247642278671265,-0.6164472103118896,0.6251937747001648,0.4800475835800171,0.7804133296012878,0.9865831136703491
76,822.6114171293895,1.6859475733208154,1.9104220487528691,0.9266237904732951,1.0501130819320679,0.25385892391204834,0.4693952898184458,0.5368173122406006,-0.718244731426239,0.8380029201507568,0.7636030912399292,1.107583999633789,2.4830210208892822
77,922.4067761769942,1.8343130923278632,1.9070983919596385,0.9307752050962544,1.1783745288848877,0.005528450012207031,0.48550369342168176,0.4749264121055603,-0.6379634737968445,0.9109135270118713,0.5688055753707886,0.9050807952880859,0.4966426491737366
78,807.2530569219293,1.6946561658668757,1.9232278727742582,0.9355702625848586,1.119377851486206,-0.00897228717803955,0.44770023971796036,0.49810823798179626,-0.6912426948547363,0.6554418802261353,-0.06854262948036194,0.8607192039489746,0.747669517993927
79,1032.7773797498883,2.006894491734053,1.9034822320483762,0.9383167225654997,1.2667407989501953,0.07695689797401428,0.48643338680267334,0.557369589805603,-0.6318913698196411,0.7411408424377441,0.9725348949432373,0.738467812538147,1.569382905960083
80,852.2342510653575,1.941676654516737,1.9052439852948,0.942852218475943,1.089566946029663,0.455997496843338,0.4381240258614222,0.4563513398170471,-0.4962270259857178,0.8160372376441956,0.4219200015068054,0.7163988947868347,1.5131194591522217
81,770.0437980318115,1.453726909865931,1.9009817527216033,0.9533346912230585,1.192093849182129,-0.0804099440574646,0.49082351227601373,0.5805416107177734,-0.6969853043556213,0.8806663155555725,0.9293639659881592,0.8523926734924316,1.7768927812576294
82,927.8794378100447,1.6877508819473352,1.914380232803107,0.9604700400453845,1.207798719406128,0.17204178869724274,0.4677455176909765,0.4732218384742737,-1.0641400814056396,0.7702831625938416,0.6823354959487915,0.7460450530052185,1.215989351272583
83,840.796703977994,2.0583349042733414,1.8886528376339609,0.9587514567493359,0.9451273679733276,-0.3761615753173828,0.39888331542412436,0.48255518078804016,-0.37184959650039673,0.6378926038742065,0.6729234457015991,0.8307698965072632,1.8158191442489624
84,814.1034183808206,2.391932640011577,1.8456898023807096,0.9463506910545125,1.2254236936569214,0.17371821403503418,0.4847771227359772,0.5295442342758179,-0.6934682726860046,0.645075798034668,0.9155229926109314,0.9664343595504761,1.7157413959503174
85,939.0337532293834,1.8798965689472136,1.8856613153133879,0.9247990090942189,1.2158907651901245,0.46667999029159546,0.47392345468203223,0.507953405380249,-0.345780611038208,0.7160805463790894,1.4541082382202148,0.8153752088546753,1.6144349575042725
86,731.7150039600127,1.8159639654537232,1.8785280300766158,0.9031265893029286,1.3967254161834717,0.07685248553752899,0.4993794610102972,0.4748465418815613,-0.49382805824279785,0.5272769927978516,0.5168757438659668,0.8002537488937378,1.593615174293518
87,883.8080251723898,2.141740026900329,1.9008024487700528,0.9018466255256204,1.030164361000061,0.14302141964435577,0.41837296883265174,0.4668583869934082,-0.6530477404594421,0.522788405418396,0.6954386830329895,0.940335750579834,1.889233112335205
88,925.2453994693418,1.844061607761222,1.930685502964334,0.9226333270523405,1.2019597291946411,0.132736474275589,0.4857036620378494,0.5020754337310791,-0.7265506386756897,0.7482221722602844,0.42439550161361694,0.9722671508789062,0.9568210244178772
89,869.1082288018602,1.953797807598901,1.8771807667282572,0.9458450415167197,0.9321755170822144,-0.12634408473968506,0.39989432195822394,0.5873069763183594,-0.6630048155784607,0.6764320135116577,0.3775736093521118,0.7384663224220276,1.2010372877120972
90,1041.8604375042732,1.7374409887535796,1.9094746924357588,0.9583829770415714,0.9830417633056641,0.2799634039402008,0.4409375488758087,0.530290961265564,-0.49128103256225586,0.7038280963897705,0.9990749955177307,1.108006238937378,1.2150741815567017
91,1086.715834281738,1.98887052140812,1.9121415129488195,0.9604266554587657,1.1821640729904175,0.1464298814535141,0.4694737295309702,0.4844933748245239,-0.23091888427734375,0.6982553005218506,1.0115768909454346,0.9044438600540161,1.8331400156021118
92,790.5869846447777,2.0512377044775083,1.8901438203848813,0.9624535840092975,1.048060417175293,0.13371576368808746,0.4257722397645315,0.473921537399292,-0.3425217866897583,0.6536656022071838,0.8105582594871521,0.8374984860420227,0.7028594017028809
93,1104.1844745328076,2.3206351378348287,1.8966320123281462,0.9574706252080529,1.1732194423675537,-0.14255386590957642,0.45647716522216797,0.5045458078384399,-0.9887823462486267,0.7064122557640076,0.16345608234405518,0.747109591960907,1.2506219148635864
94,845.6514096256165,2.01804370900243,1.8956863865761189,0.9462642802422916,1.1710870265960693,0.3138316571712494,0.5032169471184412,0.5207054615020752,-0.31246882677078247,0.8126772046089172,0.5276886224746704,1.1919596195220947,1.1657217741012573
95,980.1003390908672,2.4880171666138904,1.872464915097973,0.9243274126809095,1.1155431270599365,-0.17438578605651855,0.46899408350388205,0.47625139355659485,-0.10073943436145782,0.5679492950439453,0.34682920575141907,1.2370989322662354,1.468430995941162
96,711.3208920022851,1.4728480233912815,1.910223719616407,0.920425138845208,1.2614185810089111,0.30509862303733826,0.5040376434723536,0.610490620136261,-0.4515100121498108,0.843381404876709,0.9197676181793213,0.81032395362854,0.9747775793075562
97,1119.8611544636462,1.9896600354656246,1.9111728473868446,0.9208997237984055,1.138115406036377,-0.028193503618240356,0.4705942695339521,0.4856875240802765,-0.520875096321106,0.695652961730957,0.06844408810138702,1.0514445304870605,1.8776297569274902
98,667.3562015933551,1.747176340295438,1.8971711776844795,0.9096981438609999,1.0633739233016968,0.33619922399520874,0.4525597343842188,0.5490423440933228,-0.6338071823120117,0.62749844789505,1.0371288061141968,1.064054250717163,0.19045040011405945
99,905.6474758610684,1.7417228883548075,1.915717038804476,0.8992139827497814,1.099348783493042,0.11520460247993469,0.44979559878508246,0.45162516832351685,-0.5645424127578735,0.7725164890289307,0.41119584441185,0.8753591775894165,1.7349214553833008
100,794.2533924690607,1.5573185138993486,1.9018391563318717,0.9025513150308053,1.1718811988830566,0.19645506143569946,0.4947654282053312,0.42237338423728943,-0.4663984179496765,0.7766590118408203,0.13678371906280518,1.2225091457366943,0.8222774267196655
101,828.790862403747,1.301899962709865,1.924697117361248,0.9121054461698843,1.156996250152588,0.1671891212463379,0.45248478154341376,0.503829836845398,-0.6526639461517334,0.703265905380249,0.3426514267921448,0.7517328858375549,1.4199209213256836
102,877.3894959880934,1.718329498345757,1.8918470462632857,0.9226672181803567,1.3032262325286865,0.00295257568359375,0.5077854245901108,0.4752160906791687,-0.6148948669433594,0.7522164583206177,0.6388941407203674,0.9563138484954834,1.6218864917755127
103,938.3419193996849,1.5837922025050573,1.9279339062515677,0.9188454235152125,1.158002495765686,0.062147438526153564,0.4759856959184011,0.5329153537750244,-0.42599546909332275,0.750343918800354,0.39361876249313354,0.9545615911483765,0.7461214661598206
104,971.0092545625055,1.9446433463977184,1.923250479035615,0.9264895506812162,1.1721622943878174,0.1996009349822998,0.49614185094833374,0.4738306403160095,-0.7362626194953918,0.8643425107002258,0.523891806602478,1.0990421772003174,1.0828579664230347
105,1033.7699802346997,1.6820766025786336,1.8913608739883134,0.9290236111008733,1.1004741191864014,0.37553346157073975,0.46890161434809363,0.45605921745300293,-0.6261578798294067,0.8942126631736755,0.11658316850662231,0.9751251339912415,1.223129153251648
106,907.0871106278983,1.9474571563147396,1.9056805845585139,0.9264062092033469,1.0880093574523926,0.34941020607948303,0.46200456718603766,0.46838319301605225,-0.6137616038322449,0.5784286856651306,0.8293813467025757,1.2332148551940918,1.5849601030349731
107,867.9829223355674,1.7436563792340023,1.885681257142615,0.9236159222208725,1.2753313779830933,0.10751332342624664,0.48440730571746826,0.4258742928504944,-0.549456000328064,0.7473847270011902,0.9614323377609253,0.8136345148086548,2.0109362602233887
108,924.2660992618637,2.4583970341114942,1.8820247305322795,0.9194749009393087,0.9355931878089905,-0.022425591945648193,0.4033845514059067,0.45017504692077637,-0.4359709620475769,0.7684937715530396,0.4648306965827942,0.8151662349700928,1.5124777555465698
109,858.2037272833239,2.2314004769110434,1.863604130992176,0.9264980968058112,1.064007043838501,0.2903937101364136,0.4251235624154409,0.4584009647369385,-0.17518921196460724,0.7051037549972534,0.5581169128417969,0.7459568977355957,1.0628949403762817
110,948.9700433266678,2.2537986653436484,1.9006155224231212,0.8995501244107018,1.061807632446289,0.43289268016815186,0.45236926029125846,0.4782930314540863,-0.478363960981369,0.7598254680633545,0.6048392057418823,1.004889726638794,0.6323229074478149
111,1020.6544209058611,1.9151535151270764,1.9281673587291863,0.8960203749186676,1.0154411792755127,0.03252555429935455,0.40994721154371894,0.4612441062927246,-0.638901948928833,0.5909920930862427,1.1639925241470337,0.8208068013191223,1.6099085807800293
112,1023.4787158270918,1.9436569056889779,1.9183011332580087,0.901222988380231,1.0826396942138672,0.5852392911911011,0.42903871834278107,0.5316613912582397,-0.5544917583465576,0.7279870510101318,1.2869410514831543,0.6408970952033997,1.122649073600769
113,951.1233070044514,1.9952465735487601,1.904554865274276,0.9071116484761008,1.1495521068572998,0.2461806833744049,0.4502651418248812,0.4773752987384796,-0.4269926846027374,0.7202351093292236,0.9050790667533875,0.7569149732589722,2.0678791999816895
114,969.3547998307981,2.12139213532386,1.9158253998191306,0.9125201441831627,1.1614230871200562,0.0466507226228714,0.45368270079294837,0.5016977787017822,-0.5563676357269287,0.7274925708770752,0.012173876166343689,0.730732798576355,1.093131422996521
115,966.4596519177608,1.9171277442187185,1.8464265186200277,0.9137193562466582,1.0520751476287842,0.44106197357177734,0.4152255405982336,0.44076621532440186,-0.5609291195869446,0.7052913904190063,0.7179046869277954,0.6804234385490417,0.8349105715751648
116,988.3510549680151,1.9858941597525792,1.9196203898360131,0.9142523743963527,1.1223820447921753,0.32631757855415344,0.45679801205794013,0.5432701706886292,-0.5582615733146667,0.7928532361984253,0.9262920618057251,0.7783066034317017,1.01560378074646
117,893.603963806537,1.7397523362896727,1.9175420499361762,0.9140805806044083,1.1780941486358643,0.4572918713092804,0.5015868842601776,0.5117048025131226,-0.27036792039871216,1.0460649728775024,0.6282670497894287,0.9269903898239136,1.4657206535339355
118,990.4526020533315,2.0199414742552735,1.9093566421879569,0.9127363105080005,1.2466298341751099,0.2473830282688141,0.46712933480739594,0.4993850588798523,-0.4153923988342285,0.5770926475524902,0.6012459993362427,0.7891848087310791,1.6150445938110352
119,1086.7850911464784,1.973823817729109,1.9013083846516263,0.9118064244710633,1.2139551639556885,0.011054694652557373,0.4767468422651291,0.4773886203765869,-0.4597814083099365,0.7024452090263367,0.41913849115371704,0.8992627859115601,1.7147284746170044
120,807.7972091326437,1.8089445069002228,1.9165545315206973,0.9424262481349991,1.209372878074646,0.23258355259895325,0.4883687049150467,0.509138822555542,-0.4947727918624878,0.7964562773704529,0.8311963677406311,0.9267107248306274,0.35074007511138916
121,904.383991427163,1.6247438373681247,1.9106185675266742,0.9345778755553341,1.0492184162139893,0.7090038061141968,0.4446433186531067,0.6110879182815552,-0.0801575630903244,0.6665662527084351,0.4259352684020996,0.9104104042053223,1.86637282371521
122,911.7921011557775,1.4609860644103654,1.8944299997290612,0.9228031060993349,1.166358470916748,-0.03586375713348389,0.46832840641339624,0.5604350566864014,-0.565679669380188,0.7048745155334473,0.5796791911125183,0.8555558919906616,1.116178035736084
123,964.8887355928128,1.8430595326580221,1.893833412684695,0.9189712369565723,1.0680829286575317,0.47360920906066895,0.434243788321813,0.45582425594329834,-0.3605862557888031,0.6840897798538208,0.7950827479362488,0.866762638092041,1.4327646493911743
124,978.744766396272,1.5169851008305697,1.90328334156732,0.913049910192656,0.9185445308685303,-0.1219504177570343,0.4383382946252823,0.5491992831230164,-0.5750101804733276,0.7405388355255127,0.5360227823257446,1.2146878242492676,1.2601934671401978
125,811.348542564074,1.3642917017851248,1.918918126628362,0.9030087259506391,1.0129269361495972,0.37435096502304077,0.41273412108421326,0.44040626287460327,-0.4052533507347107,0.586611270904541,0.14593614637851715,0.8870111107826233,1.1494255065917969
126,816.0076144110236,1.8534744481251895,1.8709245141047346,0.9057602424712138,1.0245075225830078,0.6555402278900146,0.42329291254282,0.4894573390483856,-0.6638537049293518,0.7665698528289795,0.47736191749572754,0.7499651908874512,1.4128451347351074
127,979.0762158872077,2.0664600296935483,1.8806936919316934,0.9078641389569991,1.0783288478851318,0.10287800431251526,0.4408094982306162,0.5276445150375366,-0.7821781635284424,0.8042526245117188,0.10422833263874054,0.7228302955627441,0.7159116268157959
128,1053.1331204407068,1.581231312476608,1.9258072110040396,0.9053878071777018,1.0779814720153809,0.1890609711408615,0.4391091912984848,0.4964224696159363,-0.8274413347244263,0.677562952041626,1.1888319253921509,0.8613804578781128,1.7051347494125366
129,1010.8003383292073,2.449017305189568,1.8802494223766029,0.8862778467460687,1.1822186708450317,0.6467246413230896,0.4635039816300074,0.5201332569122314,-0.8356281518936157,0.6590806841850281,0.5129821300506592,0.8361778259277344,1.0213823318481445
130,839.0047441203951,1.4501941832200227,1.9269316970372046,0.8822327089482818,0.9788776636123657,0.380751371383667,0.42168688774108887,0.5120643377304077,-0.6748052835464478,0.7657439708709717,0.6918465495109558,0.8458013534545898,0.9676950573921204
131,922.0473987048181,1.5108742200525735,1.9221709113570686,0.883059257816154,1.2143354415893555,0.46342572569847107,0.45722453047831857,0.42744311690330505,-0.08806467056274414,0.7287371158599854,1.0648266077041626,0.6875078082084656,1.2720352411270142
132,1072.2269856317416,2.1448469833427306,1.8978875796201036,0.8877673591508175,1.1629998683929443,0.34385377168655396,0.46777501702308655,0.5336416959762573,-0.45885926485061646,0.752292275428772,0.9646373987197876,0.8383666276931763,1.3891589641571045
133,1001.2841691130001,2.0237132518480205,1.904454303554707,0.8876598662895571,1.0887818336486816,0.44056499004364014,0.4805062462886175,0.49295562505722046,-0.612380862236023,0.835533618927002,0.5569755434989929,1.171240210533142,0.9823371171951294
134,811.4385415122761,1.8051868151293988,1.915456056585974,0.8809060591265906,1.089916467666626,0.07166896760463715,0.456851102411747,0.48553481698036194,-0.4920317828655243,0.7582145929336548,0.36511924862861633,0.9687144160270691,1.6120295524597168
135,1064.857125790101,1.7883503076597311,1.9398344462542874,0.8763116725128282,1.2405238151550293,-0.3483579456806183,0.46857433021068573,0.45407748222351074,-0.1104600578546524,0.7260273694992065,0.33575528860092163,0.7212156653404236,1.5973451137542725
136,816.3952620374322,1.5866249350792485,1.912191312648391,0.8749638082529451,1.0856188535690308,-0.20244377851486206,0.4535505771636963,0.40890073776245117,-0.5289789438247681,0.8380959033966064,0.6184777021408081,0.9387537240982056,1.8308424949645996
137,704.9216099924397,1.5827302793004066,1.9167593822966564,0.8749962780300707,1.2929929494857788,0.527958869934082,0.4835310329993566,0.48153913021087646,-0.4156073331832886,0.7980183959007263,0.794218897819519,0.6438360214233398,1.4146002531051636
138,994.911819530826,1.6850018868762717,1.9128908445579649,0.8698747765104412,1.4048702716827393,0.06320014595985413,0.5436699092388153,0.5263329744338989,-0.48664581775665283,0.6807291507720947,0.8066938519477844,1.1023659706115723,1.5045747756958008
139,873.2936130087663,1.800648873021756,1.9093415857682918,0.8731783474981238,0.9019652009010315,0.24986284971237183,0.43667099376519525,0.516337513923645,-0.29607605934143066,0.816658616065979,0.9628194570541382,1.201160192489624,1.5234837532043457
140,998.2567361431188,1.9759517125640302,1.9353355314433915,0.8815697901442243,1.023949384689331,0.09717139601707458,0.4273417741060257,0.4801781177520752,-0.590493381023407,0.8292199969291687,0.43000686168670654,0.7468550205230713,0.9380902647972107
141,843.4161019869864,1.8726809058350538,1.9073294930382865,0.8895660610811856,0.9654377698898315,0.153051495552063,0.43036728600660956,0.4967917799949646,-0.6446831822395325,0.6409012079238892,0.29892486333847046,1.1304011344909668,1.8512241840362549
142,969.9802123021476,1.6321427492114184,1.932220147274302,0.8879503853703884,1.2003052234649658,0.36270883679389954,0.47934395571549737,0.4370042681694031,-0.62923264503479,0.6894776821136475,0.3176595866680145,1.02472984790802,1.71855628490448
143,894.0818811007291,1.595950460788657,1.9108189026816735,0.8871452441662704,1.0836658477783203,0.03681135177612305,0.4416407893101374,0.5014027953147888,-0.6372110843658447,0.6470447778701782,0.650403618812561,0.9002443552017212,0.9100970029830933
144,1047.1857468829307,1.690270374144241,1.9289097156662345,0.8891118579366271,1.145481824874878,-0.4091950058937073,0.47803921500841773,0.4952896237373352,-0.5929291248321533,0.6775264143943787,0.05216550827026367,1.1272090673446655,0.7763587236404419
145,665.773583187489,1.8020629486161133,1.8979071979603928,0.8903092149784781,1.331629753112793,0.1137736588716507,0.5187781800826391,0.4714653491973877,-0.5979911088943481,0.6855431199073792,0.6786510944366455,1.073440432548523,1.2121031284332275
146,915.0163415578604,2.208011163580682,1.9159734916666202,0.880667975089743,1.189119577407837,0.3583284616470337,0.44819285472234094,0.48881977796554565,-0.1614709496498108,0.6530243158340454,0.9859033823013306,0.669111430644989,0.8291115760803223
147,964.0682997620905,1.9150422693820526,1.940962973083851,0.8798675691878991,1.2117960453033447,0.480827271938324,0.476154496272405,0.5157594680786133,-0.37996160984039307,0.7150874137878418,0.7718002796173096,0.8476189374923706,1.3659318685531616
148,944.4576537569199,2.137853721454135,1.909568476299767,0.8715245832015635,1.2936365604400635,0.4458317160606384,0.48620137075583136,0.49003297090530396,-0.5047380924224854,0.7474719285964966,0.7459762096405029,0.7160018682479858,1.1794459819793701
149,658.6993815126476,1.4769826959360108,1.8837592347632877,0.8674412736259154,1.246846079826355,0.15728983283042908,0.48448656499385834,0.4719619154930115,-0.8697980642318726,0.7796000242233276,0.21254101395606995,0.821738600730896,0.9815584421157837
